{
  "loss": 0.08198004526190192,
  "mse_hist_eh": 0.07614194494412752,
  "hunting_gap": 0.20731580293619944,
  "penalty": 0.0,
  "speed_tier": 0,
  "stepsPerYear": 30,
  "atol": 0.001,
  "rtol": 0.001,
  "params_log": [
    0.5902869706061763,
    -1.0931192509435546,
    -0.020704174889925236,
    -2.0722174366612887,
    -0.859772283069164,
    -3.1212030339766663,
    -1.5357806781781718,
    0.2508518716442788,
    2.3983351861986097,
    -0.4924724349004206,
    0.19449326963894067,
    -0.3010340730977835,
    1.230332612158904,
    1.4805281654265299,
    -0.36650297516272456,
    0.27735515410185624
  ],
  "params_lin": [
    3.8930230095591534,
    0.08070134056877065,
    0.9534453941203502,
    0.008468033419967066,
    0.13811082417772166,
    0.0007564791560594231,
    0.029121874222705412,
    1.7817709406707656,
    250.2275859983902,
    0.32175667483531195,
    1.5649240670502436,
    0.49999530570289114,
    16.9954478077229,
    30.23626656293082,
    0.4300282876835713,
    1.8938917582205175
  ]
}