{
  "loss": 0.10302964477133297,
  "g_std": 0.043652016847867015,
  "r2_eh": 0.5951045283827289,
  "r2_0": 0.21825952950993788,
  "hunting_r2_gain": 0.376844998872791,
  "crash_mse_eh": 0.08183916257349193,
  "crash_mse_0": 0.574886613068072,
  "crash_mse_ratio_0_over_eh": 7.024590611430031,
  "hunt_explains_crash_window": true,
  "mega": 105,
  "params_lin": [
    2.404827856230208,
    0.004965497892028083,
    1.1712081273970705,
    0.0016929613379130708,
    0.05252622094546563,
    0.004139802610979166,
    0.009384643732053253,
    1.0860424889124938,
    438.35111468092595,
    0.22481756670376818,
    0.05155186630989981,
    0.017330214262383563,
    21.144264839345656,
    14.525946826829633,
    0.35117395022445275,
    0.6837380181794535
  ]
}