{
  "loss": 6.4900817291337995,
  "mse_hist_eh": 7.128279096595548,
  "hunting_gap": 1.3859868014309038,
  "penalty": 0.0,
  "speed_tier": 0,
  "stepsPerYear": 30,
  "atol": 0.001,
  "rtol": 0.001,
  "params_log": [
    0.7214652920367344,
    -2.258340808530962,
    0.38672634214162827,
    -1.3511224692973138,
    -0.7009522182999572,
    -2.9779732628664983,
    -1.2178640368205593,
    1.090406274227866,
    2.5799120124914183,
    0.023337085731327534,
    1.3562870010543762,
    0.9168647097812577,
    -0.6771494381710111,
    0.32335458964543423
  ],
  "params_lin": [
    5.265811298810624,
    0.005516443716212142,
    2.4362751876511477,
    0.0445530592845744,
    0.1990892367763784,
    0.0010520266393499438,
    0.060553041654660744,
    12.314202023358643,
    380.11237823551505,
    0.3333333333333333,
    1.0552055960547946,
    1.0,
    22.713653749967747,
    8.257806645906797,
    0.21030546665375394,
    2.105496819116042
  ],
  "fixed_a3": 0.3333333333333333,
  "fixed_b4": 1.0
}