{
  "loss": 0.08596309622985684,
  "mse_hist_eh": 0.07893653151744434,
  "hunting_gap": 0.15238716888673404,
  "penalty": 0.0,
  "speed_tier": 0,
  "stepsPerYear": 30,
  "atol": 0.001,
  "rtol": 0.001,
  "params_log": [
    0.4509931374771963,
    -1.1660977163493391,
    0.060696467145034225,
    -2.052943978861974,
    -0.6458000326997871,
    -2.827431787753,
    -1.4789409581923088,
    0.288720826375177,
    2.190241047491794,
    -0.4131151580278587,
    0.2267337034728502,
    -0.15317959327842728,
    1.1249509300151657,
    1.4709539202140645,
    -0.37151814636398084,
    0.20075510668847762
  ],
  "params_lin": [
    2.8248353378068067,
    0.06821851850630888,
    1.1499963637867088,
    0.008852297912999369,
    0.22604763482679338,
    0.001487881049025642,
    0.033193958126846654,
    1.9441099651009939,
    154.9676500866791,
    0.3862645411205256,
    1.6855191979609712,
    0.7027816393335978,
    13.333707690013686,
    29.57698630304365,
    0.4250909446259882,
    1.5876512391507658
  ]
}