{
  "loss": 0.09673430440062766,
  "mse_hist_eh": 0.10172626679187613,
  "hunting_gap": 0.16642868608555217,
  "penalty": 0.0,
  "speed_tier": 0,
  "stepsPerYear": 30,
  "atol": 0.001,
  "rtol": 0.001,
  "params_log": [
    0.5977135893086021,
    -1.2674624262317082,
    -0.04733370718853548,
    -1.9282406087002133,
    -0.8957257121609821,
    -2.916828174605877,
    -1.5260400955714284,
    0.2849382043620572,
    2.5221238434658475,
    -0.41030381421964274,
    0.1558232054710388,
    -0.1315229352787137,
    1.1713054655864577,
    1.5963351995224133,
    -0.4067285334994085,
    0.11682340788632506
  ],
  "params_lin": [
    3.9601678099635085,
    0.054017884728765474,
    0.8967394847722971,
    0.01179666893155609,
    0.12713768165381722,
    0.0012110771924946394,
    0.029782414551651523,
    1.9272506657326445,
    332.7544280581904,
    0.3887730804880429,
    1.4316049965080728,
    0.7387152500928539,
    14.83561196614881,
    39.47618717716982,
    0.3919868215972812,
    1.308649693796241
  ]
}