{
  "loss": 0.9525615953030765,
  "mse_hist_eh": 1.143884837662788,
  "hunting_gap": 0.8088054949488594,
  "penalty": 0.0,
  "speed_tier": 0,
  "stepsPerYear": 30,
  "atol": 0.001,
  "rtol": 0.001,
  "params_log": [
    0.33760838748116007,
    -2.91475995521788,
    0.359590836669231,
    -1.6669590732111408,
    -1.6450287740738345,
    -2.382394642321083,
    -1.402938574877139,
    1.417569207466303,
    2.7367028191878715,
    -0.32561897276988894,
    -1.4430648165736937,
    -0.19229865927725726,
    1.458376241517064,
    0.9017336333097103,
    -0.4483217396103707,
    0.060884367590689464
  ],
  "params_lin": [
    2.175746970479956,
    0.0012168584010829025,
    2.2887103662545214,
    0.02152984616867206,
    0.02264494269113185,
    0.0041457714619095466,
    0.039542254332234995,
    26.15587224656809,
    545.3845354051322,
    0.4724773863851452,
    0.03605248322337951,
    0.6422459003628019,
    28.732686975429882,
    7.975054016767068,
    0.35618716051604643,
    1.1504940251438922
  ]
}