{
  "loss": 0.44944472405153124,
  "mse_hist_eh": 0.5176403215764289,
  "hunting_gap": 0.4883067795405771,
  "penalty": 0.0,
  "speed_tier": 0,
  "stepsPerYear": 30,
  "atol": 0.001,
  "rtol": 0.001,
  "params_log": [
    -0.0879809061757264,
    -1.2398397876861629,
    -0.1732599189580888,
    -1.6100229996312407,
    -0.5104050356480281,
    -0.8254642572268291,
    -0.7161574499894052,
    1.1649113667297986,
    1.8335141892625275,
    -0.7527320725500262,
    0.10503100737223914,
    -0.38588762745513694,
    0.5827397369159175,
    0.9634046368146356,
    -0.4136897222244188,
    0.13114083500236748
  ],
  "params_lin": [
    0.8166182733184462,
    0.05756522577206792,
    0.6710271327047779,
    0.02454578921159909,
    0.308741467678177,
    0.14946370470945353,
    0.19223946537586115,
    14.618787955309294,
    68.15758427982186,
    0.17671276710411143,
    1.273594008706107,
    0.41125611876840246,
    3.825953936384341,
    9.191886155066635,
    0.3857538576041814,
    1.3525110905735271
  ]
}