{
  "loss": 0.11707546905343205,
  "mse_hist_eh": 0.12371367292163195,
  "hunting_gap": 0.21992315058010653,
  "penalty": 0.0,
  "speed_tier": 0,
  "stepsPerYear": 30,
  "atol": 0.001,
  "rtol": 0.001,
  "params_log": [
    0.6016991362111299,
    -0.9540171792823822,
    0.039783323025146165,
    -2.303448343238307,
    -0.9476468298163319,
    -2.9886263771736785,
    -1.297827449211418,
    0.1905805909213027,
    2.4421794989518824,
    -0.4621164451426084,
    0.05395411210923341,
    -0.15592410914509017,
    1.1558835298129349,
    1.6040870114881545,
    -0.43967523191297453,
    0.12986088161266568
  ],
  "params_lin": [
    3.996677781954984,
    0.11116877516467753,
    1.0959312807861603,
    0.0049722351200597575,
    0.11281144709164473,
    0.00102653467256969,
    0.05037006958075706,
    1.5508885545337934,
    276.8085490886025,
    0.3450512101279278,
    1.1322807192585227,
    0.6983544274653888,
    14.318038630168013,
    40.18713182471524,
    0.36334966831900234,
    1.3485308359178045
  ]
}