{
  "loss": 119.00661164941124,
  "mse_hist_eh": 3.2673577979043507,
  "hunting_gap": 0.533354146166328,
  "penalty": 115.89228085968325,
  "speed_tier": 0,
  "stepsPerYear": 30,
  "atol": 0.001,
  "rtol": 0.001,
  "params_log": [
    -0.26765510421246286,
    -1.6791998772881924,
    -0.5438707686495037,
    -2.8435478562489154,
    -1.130680656284094,
    -2.7706817116588356,
    -1.9857738789170982,
    1.3875463709235192,
    1.8928694715723395,
    -0.4376986016333103,
    0.2701810936443507,
    -0.9651906679756939,
    1.3753941058181227,
    0.9326231414452195,
    -0.6590052531287074,
    0.4953498284518718
  ],
  "params_lin": [
    0.5399392460741189,
    0.020931488948757505,
    0.28584409922065035,
    0.0014336797257588525,
    0.07401493187071913,
    0.0016955800120271218,
    0.010332992664589844,
    24.40879674167606,
    78.13929194533861,
    0.36500717234034097,
    1.8628637582306264,
    0.10834511428598707,
    23.735266143124775,
    8.562944741674892,
    0.21927784118338725,
    3.1285984690665964
  ]
}