{
  "loss": 0.0923043600946526,
  "mse_hist_eh": 0.09464465978466009,
  "hunting_gap": 0.2583341518853282,
  "penalty": 0.0,
  "speed_tier": 0,
  "stepsPerYear": 30,
  "atol": 0.001,
  "rtol": 0.001,
  "params_log": [
    0.48921921817835057,
    -1.3533977353273992,
    0.14760259393897757,
    -1.9743469356626875,
    -0.713777886199377,
    -2.8690813094950696,
    -1.4799992583236432,
    0.26525199257434207,
    2.3106774548662905,
    -0.5177962863270384,
    0.11165165112987291,
    -0.26155101404111786,
    1.0468284325854271,
    1.5429033346840404,
    -0.40399407066234616,
    0.25052217292203427
  ],
  "params_lin": [
    3.0847446392865168,
    0.04432025644895246,
    1.4047614929824108,
    0.01060847761561892,
    0.19329566477350232,
    0.001351819449117582,
    0.03311316869798372,
    1.841840390533977,
    204.49253318890013,
    0.3035314619484237,
    1.29315817940382,
    0.5475817759448725,
    11.138544200671285,
    34.90626124347249,
    0.39446268756046793,
    1.7804188058862291
  ]
}