{
  "loss": 0.09414745159416264,
  "mse_hist_eh": 0.08845780269498942,
  "hunting_gap": 0.1718939334807289,
  "penalty": 0.0,
  "speed_tier": 0,
  "stepsPerYear": 30,
  "atol": 0.001,
  "rtol": 0.001,
  "params_log": [
    0.5559186722373592,
    -1.1303338708734154,
    0.21233389725102772,
    -1.9279712888661686,
    -0.6577667110902334,
    -2.9148790262419584,
    -1.3875989462133438,
    0.2330010213399043,
    2.348218452270528,
    -0.5288637363896439,
    0.08174238093832502,
    -0.27298351201053284,
    1.0888202611853963,
    1.5154603184407822,
    -0.3740938699649129,
    0.17525086375633325
  ],
  "params_lin": [
    3.596819733298846,
    0.07407405661222435,
    1.6305491608057567,
    0.011803986690261961,
    0.21990408089749872,
    0.001216524819328715,
    0.04096387703296867,
    1.710019336575719,
    222.95563451224163,
    0.29589407138925294,
    1.2070975847033318,
    0.5333551439306308,
    12.269313434580505,
    32.7687834545203,
    0.4225772670297788,
    1.4971001840624822
  ]
}