{
  "loss": 0.2681742637608174,
  "g_std": 0.029495286821380792,
  "r2_eh": -0.07946495074747717,
  "r2_0": -1.9896392750981304,
  "hunting_r2_gain": 1.9101743243506533,
  "crash_mse_eh": 0.12939414554266218,
  "crash_mse_0": 2.146691263574438,
  "crash_mse_ratio_0_over_eh": 16.590327596004474,
  "hunt_explains_crash_window": true,
  "narr_g4": 0.4916960951531054,
  "narr_g65": 0.2550912163107825,
  "narr_g_hunt_min": 0.25853129774825157,
  "narr_g_post_mean": 0.2963933098866373,
  "narr_decline_rel": 0.4742051019503121,
  "narr_recovery_rel": 0.16191107640344848,
  "narr_decline_ok": true,
  "narr_recovery_ok": true,
  "mega": 12,
  "params_lin": [
    1.443565281608069,
    0.0025436369949645853,
    1.975932117725968,
    0.0022268761218674133,
    0.11618610755637941,
    0.007921768191248965,
    0.0016484946893672557,
    1.5543669880541962,
    235.27469422797313,
    0.11131680804128037,
    0.07686387769669994,
    0.4932805877920252,
    3.9638086393997365,
    13.781580059388187,
    0.5927068336120005,
    1.879007227934404
  ]
}