{
  "loss": 0.15126403631679916,
  "mse_hist_eh": 0.1665208139499895,
  "hunting_gap": 0.46316958817222265,
  "penalty": 0.0,
  "speed_tier": 0,
  "stepsPerYear": 30,
  "atol": 0.001,
  "rtol": 0.001,
  "params_log": [
    0.49380746812215404,
    -1.530455242335571,
    0.017722705153559504,
    -1.9723698970578811,
    -1.0625229820364512,
    -3.065630446144807,
    -1.3827434938329424,
    0.436868611331047,
    2.5175737971656047,
    -0.5264975764580291,
    0.10670561891426329,
    -0.40943794046659465,
    1.165582887256694,
    1.6323340436809675,
    -0.4132147480688103,
    0.2969183604161199
  ],
  "params_lin": [
    3.117507221183193,
    0.02948117288998187,
    1.041652127365906,
    0.01065688067325478,
    0.08659184993906034,
    0.0008597447922780449,
    0.04142442665443144,
    2.7344413408001715,
    329.2864023258052,
    0.2975105861149853,
    1.2785143853814023,
    0.3895489692445475,
    14.641409494509722,
    42.88782712916715,
    0.38617597519864394,
    1.9811545692243733
  ]
}