{
  "loss": 0.09156956673970243,
  "mse_hist_eh": 0.09135059896636542,
  "hunting_gap": 0.2444129362351048,
  "penalty": 0.0,
  "speed_tier": 0,
  "stepsPerYear": 30,
  "atol": 0.001,
  "rtol": 0.001,
  "params_log": [
    0.4651737661761232,
    -1.3041504682339626,
    0.0035212961101739847,
    -1.934355122567307,
    -0.7853724061653019,
    -2.9257500370301495,
    -1.4937516431417102,
    0.2648806176295323,
    2.376010985242273,
    -0.602190383752351,
    0.23065295264230595,
    -0.2867881143121677,
    1.1994863985206956,
    1.4939982011024513,
    -0.39733940006511614,
    0.18142765140486883
  ],
  "params_lin": [
    2.9185945433833345,
    0.04964202989402373,
    1.0081410434631521,
    0.011631745127187029,
    0.1639183575571054,
    0.0011864514268660957,
    0.03208103395026149,
    1.8402660647535796,
    237.69004082651574,
    0.24992495135369436,
    1.700798846524105,
    0.5166683824543561,
    15.830199880180778,
    31.188766653223627,
    0.4005535636578832,
    1.5185449483838367
  ]
}