{
  "loss": 735.1524285569849,
  "mse_hist_eh": 6.475286951783165,
  "hunting_gap": 0.763914666661865,
  "penalty": 728.1343611302069,
  "speed_tier": 0,
  "stepsPerYear": 30,
  "atol": 0.001,
  "rtol": 0.001,
  "params_log": [
    0.05211858541594422,
    -1.3214775342981593,
    -0.37950756283600473,
    -0.8985589205244744,
    -1.027952349092439,
    -0.9111814863624388,
    -3.864971422680994,
    0.6511717297022248,
    1.895387378358893,
    0.5137611679407565,
    0.8111805552817619,
    1.3098152106657626,
    -0.8654253612016708,
    0.4225186247397669
  ],
  "params_lin": [
    1.1275052828594991,
    0.04770044885369178,
    0.41734233077203736,
    0.1263109726690291,
    0.09376648821255201,
    0.12269264064464407,
    0.00013646729314453266,
    4.478903749860767,
    78.59363549874622,
    0.3333333333333333,
    3.2640828072868375,
    1.0,
    6.474117172784538,
    20.408693839230107,
    0.1363247276730974,
    2.6455661475229335
  ],
  "fixed_a3": 0.3333333333333333,
  "fixed_b4": 1.0
}