{
  "loss": 0.09113452690733595,
  "g_std": 0.048857268805315664,
  "r2_eh": 0.668763184561469,
  "r2_0": 0.07228600803863428,
  "hunting_r2_gain": 0.5964771765228347,
  "crash_mse_eh": 0.028875665911001776,
  "crash_mse_0": 0.6746408441765271,
  "crash_mse_ratio_0_over_eh": 23.36364626992453,
  "hunt_explains_crash_window": true,
  "narr_g4": 0.5696735755818533,
  "narr_g65": 0.1821357304014546,
  "narr_g_hunt_min": 0.1856469809314566,
  "narr_g_post_mean": 0.45347886590428066,
  "narr_decline_rel": 0.6741169161375313,
  "narr_recovery_rel": 1.4897853014065918,
  "narr_decline_ok": true,
  "narr_recovery_ok": true,
  "mega": 2,
  "params_lin": [
    1.6337200896684019,
    0.053550061514341586,
    0.6412754504983309,
    0.008871957385694887,
    0.17100163266588647,
    0.0012373850885118586,
    0.03380074227550108,
    1.7736330087343377,
    108.74611405702356,
    0.2826885554812502,
    2.414051348143492,
    0.5358658305268642,
    17.504803063191982,
    30.44242242149481,
    0.4273007481062756,
    0.5617362513375197
  ]
}