{
  "loss": 0.10302964477133297,
  "mse_hist_eh": 0.10616469734173549,
  "hunting_gap": 0.09880978685751728,
  "penalty": 0.0,
  "speed_tier": 0,
  "stepsPerYear": 30,
  "atol": 0.001,
  "rtol": 0.001,
  "params_log": [
    0.38108399390525743,
    -2.30403719814157,
    0.06863407743652727,
    -2.771352959742651,
    -1.2796238438488887,
    -2.3830203658854345,
    -2.027582209791726,
    0.03584681635713172,
    2.6418221152570944,
    -0.6481697570511823,
    -1.2877556075207317,
    -1.7611960678460583,
    1.3251925898486863,
    1.1621444500651712,
    -0.45447770715479885,
    -0.1651102711654825
  ],
  "params_lin": [
    2.404827856230208,
    0.004965497892028083,
    1.1712081273970705,
    0.0016929613379130708,
    0.05252622094546563,
    0.004139802610979166,
    0.009384643732053253,
    1.0860424889124938,
    438.35111468092595,
    0.22481756670376818,
    0.05155186630989981,
    0.017330214262383563,
    21.144264839345656,
    14.525946826829633,
    0.35117395022445275,
    0.6837380181794535
  ]
}