{
  "loss": 109.87472941938651,
  "mse_hist_eh": 6.937213614780588,
  "hunting_gap": 5.045489456612283,
  "penalty": 100.15870573840728,
  "speed_tier": 0,
  "stepsPerYear": 30,
  "atol": 0.001,
  "rtol": 0.001,
  "params_log": [
    -0.5148009821890549,
    -3.3577330621553862,
    0.2649447862058878,
    -2.4844029175471576,
    -1.3030105764277913,
    -1.7189779431591257,
    -2.220166917719415,
    1.2467244452161046,
    -0.6281524070122024,
    -1.9490222174487266,
    -1.3065589452162385,
    -0.6360692181085577,
    0.6520893373245114,
    1.6133708733738403,
    -0.9313975376516862,
    -0.6477802792324194
  ],
  "params_lin": [
    0.3056321368261587,
    0.0004388003222508703,
    1.8405379907916715,
    0.0032779104322518777,
    0.04977249636731001,
    0.019099502581849677,
    0.0060232804146483025,
    17.649176456915654,
    0.2354222971178965,
    0.011245474433850492,
    0.0493674908995897,
    0.23116963213011127,
    4.4883770940261645,
    41.0554553575151,
    0.11711228707288604,
    0.22501927483891776
  ]
}