{
  "loss": 0.07853724114863436,
  "mse_hist_eh": 0.07272419372767819,
  "hunting_gap": 0.15065269794136232,
  "penalty": 0.0,
  "speed_tier": 0,
  "stepsPerYear": 30,
  "atol": 0.001,
  "rtol": 0.001,
  "params_log": [
    0.5369448167957556,
    -1.4840477532674026,
    0.12977640907547852,
    -2.3129495011445287,
    -0.7058211317666214,
    -2.921055622232959,
    -1.5171350340128005,
    0.2079235169772408,
    2.135231679999502,
    -0.38380544347872037,
    0.10923575251230594,
    -0.13911294274288463,
    1.1465617906883867,
    1.464502231689315,
    -0.3721569401764786,
    0.19318749085240555
  ],
  "params_lin": [
    3.443061790553446,
    0.03280592190629625,
    1.3482685651585986,
    0.004864637673940089,
    0.19686969489586142,
    0.0011993456872041353,
    0.030399396784654156,
    1.614074279323853,
    136.53112852871655,
    0.4132325816799705,
    1.2859845546429869,
    0.7259171506709997,
    14.013989594430834,
    29.140851092090333,
    0.4244661476981984,
    1.5602259282705775
  ]
}