{
  "loss": 0.11900028513998498,
  "mse_hist_eh": 0.1270031956536388,
  "hunting_gap": 0.11081268003708836,
  "penalty": 0.0,
  "speed_tier": 0,
  "stepsPerYear": 30,
  "atol": 0.001,
  "rtol": 0.001,
  "params_log": [
    0.361619615711862,
    -2.378303823896283,
    0.3107915557375278,
    -1.5083505478367374,
    -0.7086159631217992,
    -1.7974387414769857,
    -2.7245227046660987,
    -0.07154271412249413,
    2.7968043953335417,
    -0.7645023340153678,
    0.8051231756079895,
    1.2786785954556863,
    -0.5047653073460678,
    -0.06270878809756605
  ],
  "params_lin": [
    2.2994269425377554,
    0.004185006878163557,
    2.045462659497662,
    0.031020547035558507,
    0.19560683986812305,
    0.01594267741040191,
    0.0018857203825347626,
    0.8481199632908208,
    626.3317035972573,
    0.3333333333333333,
    0.17198780981258696,
    1.0,
    6.384445376343943,
    18.99671885909275,
    0.3127769156348438,
    0.8655481090230538
  ],
  "fixed_a3": 0.3333333333333333,
  "fixed_b4": 1.0
}