{
  "loss": 0.26670518763348705,
  "g_std": 0.029755885879739184,
  "r2_eh": -0.07300444778151527,
  "r2_0": -1.9920768478650563,
  "hunting_r2_gain": 1.919072400083541,
  "crash_mse_eh": 0.11981485612613041,
  "crash_mse_0": 2.1481885890977157,
  "crash_mse_ratio_0_over_eh": 17.929233974277487,
  "hunt_explains_crash_window": true,
  "narr_g4": 0.4920199101763644,
  "narr_g65": 0.24961595518608679,
  "narr_g_hunt_min": 0.26083428963079447,
  "narr_g_post_mean": 0.2953800698098266,
  "narr_decline_rel": 0.4698704570569736,
  "narr_recovery_rel": 0.18333809794444003,
  "narr_decline_ok": true,
  "narr_recovery_ok": true,
  "mega": 16,
  "params_lin": [
    1.443565281608069,
    0.0025436369949645853,
    1.975932117725968,
    0.0022268761218674133,
    0.11618610755637941,
    0.007921768191248965,
    0.0016484946893672557,
    1.5543669880541962,
    235.27469422797313,
    0.11131680804128037,
    0.07686387769669994,
    0.4932805877920252,
    3.9638086393997365,
    13.781580059388187,
    0.5927068336120005,
    1.879007227934404
  ]
}