{
  "loss": 0.08075171115377305,
  "g_std": 0.03475104680139819,
  "r2_eh": 0.7075642389681853,
  "r2_0": -0.05077556348494827,
  "hunting_r2_gain": 0.7583398024531336,
  "crash_mse_eh": 0.018038795586607346,
  "crash_mse_0": 0.8477972013032679,
  "crash_mse_ratio_0_over_eh": 46.99854805637382,
  "hunt_explains_crash_window": true,
  "narr_g4": 0.5694063132637768,
  "narr_g65": 0.08217265877658968,
  "narr_g_hunt_min": 0.08419090368344437,
  "narr_g_post_mean": 0.4691603656396598,
  "narr_decline_rel": 0.852142657054479,
  "narr_recovery_rel": 4.709446036129401,
  "narr_decline_ok": true,
  "narr_recovery_ok": true,
  "mega": 3,
  "params_lin": [
    2.641216857248271,
    0.057901192164788076,
    1.2789329226907953,
    0.007063108801417769,
    0.15252524429059414,
    0.0008441279838311552,
    0.02793800359181453,
    2.1074158283947964,
    157.66215976512657,
    0.4212221929100352,
    1.3215688440867814,
    0.6647204390858088,
    15.346988224672344,
    30.211397124941058,
    0.4326079084818127,
    1.5312806074972618
  ]
}