{
  "loss": 0.08075171115405716,
  "mse_hist_eh": 0.07667745440035287,
  "hunting_gap": 0.19883876519550134,
  "penalty": 0.0,
  "speed_tier": 0,
  "stepsPerYear": 30,
  "atol": 0.001,
  "rtol": 0.001,
  "params_log": [
    0.4218040604420077,
    -1.2373124942128264,
    0.10684776725490674,
    -2.1510041037458,
    -0.8166582707514277,
    -3.073591702121025,
    -1.5538046311508327,
    0.3237502376295514,
    2.1977274715332977,
    -0.37548875523475617,
    0.1210897916283328,
    -0.17736096716280797,
    1.1860231598952018,
    1.480170809669915,
    -0.36390554551038706,
    0.18505478254734517
  ],
  "params_lin": [
    2.641216857248271,
    0.057901192164788076,
    1.2789329226907953,
    0.007063108801417769,
    0.15252524429059414,
    0.0008441279838311552,
    0.02793800359181453,
    2.1074158283947964,
    157.66215976512657,
    0.4212221929100352,
    1.3215688440867814,
    0.6647204390858088,
    15.346988224672344,
    30.211397124941058,
    0.4326079084818127,
    1.5312806074972618
  ]
}