{
  "loss": 0.24836727703033354,
  "mse_hist_eh": 0.26139709367829383,
  "hunting_gap": 0.5794182335951492,
  "penalty": 0.0,
  "speed_tier": 0,
  "stepsPerYear": 30,
  "atol": 0.001,
  "rtol": 0.001,
  "params_log": [
    0.45464997969431215,
    -1.125195880065525,
    -0.7633918027414837,
    -2.427727750135564,
    -0.5086932684602234,
    -1.2270285320797072,
    -1.0863706316188373,
    0.5720567028639665,
    1.7543388445664743,
    -0.331692409390255,
    0.42980544624187,
    -1.6876176996156507,
    0.8161667593636734,
    0.722684918812928,
    -0.1865231680914721,
    0.2022230136886194
  ],
  "params_lin": [
    2.8487214106479866,
    0.07495560604215777,
    0.17242816136521155,
    0.003734842136417045,
    0.30996077032082053,
    0.05928863721234919,
    0.08196517460790233,
    3.732988937007517,
    56.79875869682466,
    0.4659159633297468,
    2.690329329394079,
    0.020529685691049907,
    6.548875879761433,
    5.280620031278973,
    0.6508438896693922,
    1.5930265489232018
  ]
}