{
  "loss": 0.08698978920450925,
  "mse_hist_eh": 0.08761615380736652,
  "hunting_gap": 0.25538400686959806,
  "penalty": 0.0,
  "speed_tier": 0,
  "stepsPerYear": 30,
  "atol": 0.001,
  "rtol": 0.001,
  "params_log": [
    0.43067702378502154,
    -1.2990502243222828,
    -0.10709443502496956,
    -2.16426051997067,
    -0.8362717276336576,
    -3.173916161212356,
    -1.5093280298825855,
    0.33359279934134667,
    2.331042507540429,
    -0.5674371882836585,
    0.2558805295612012,
    -0.2891958680865827,
    1.1807591371592223,
    1.495500418270726,
    -0.3659387817723193,
    0.08720722486622855
  ],
  "params_lin": [
    2.695733922817039,
    0.05022844990829291,
    0.7814578622570921,
    0.00685077146350455,
    0.1457901800688056,
    0.0006700139404054234,
    0.030950806499597857,
    2.1557222255891415,
    214.31003515787285,
    0.27074647543968255,
    1.802521815389497,
    0.5138118686574645,
    15.162092336940386,
    31.296834857727095,
    0.43058730187699845,
    1.2223827845097939
  ]
}