{
  "loss": 0.17909068506486725,
  "mse_hist_eh": 0.22503667047163065,
  "hunting_gap": 0.25272289026487094,
  "penalty": 0.0,
  "speed_tier": 0,
  "stepsPerYear": 30,
  "atol": 0.001,
  "rtol": 0.001,
  "params_log": [
    0.3311076064000117,
    -1.1201464278566626,
    -0.04407418908740357,
    -1.9449280523128933,
    -0.917005838837525,
    -2.92323397246954,
    -1.4655304407939171,
    0.4207332950677165,
    2.206756242218699,
    -0.41301564094777204,
    0.25080703201263016,
    -0.21851259020362257,
    1.0879666343800105,
    1.6413595271442616,
    -0.3805458925469716,
    0.1707981886538148
  ],
  "params_lin": [
    2.1434216171057425,
    0.07583218541539029,
    0.9034951194610397,
    0.011351988635777131,
    0.12105818578698355,
    0.001193345026739264,
    0.03423493906545313,
    2.6347128832663453,
    160.97418768679893,
    0.3863530624474111,
    1.7815869875428199,
    0.6046268229499114,
    12.24522119070853,
    43.7884454227264,
    0.4163457228257523,
    1.4818293371212705
  ]
}