{
  "loss": 242.32045671527976,
  "mse_hist_eh": 6.209631987724021,
  "hunting_gap": 16.279591279594328,
  "penalty": 234.56935654650738,
  "speed_tier": 0,
  "stepsPerYear": 30,
  "atol": 0.001,
  "rtol": 0.001,
  "params_log": [
    -0.38018135031228506,
    -1.995758083556253,
    -0.4131472201760803,
    -0.7183528591449035,
    -0.6910506612253609,
    -3.347977280964195,
    -1.6699404411800813,
    1.0103008838370409,
    -0.20727137754555777,
    -1.0740576755008524,
    0.44360918708113894,
    -0.01438170854760612,
    0.5460229496446756,
    0.8974369850746644,
    -0.8414700593396642,
    0.5000866782090964
  ],
  "params_lin": [
    0.41669534577464634,
    0.010098152300461094,
    0.3862360258748789,
    0.19127012463214413,
    0.2036804466975843,
    0.00044876886554628286,
    0.02138255308127073,
    10.240021861916636,
    0.6204811930520917,
    0.0843222768026981,
    2.77721298452695,
    0.9674271948473052,
    3.515790187067179,
    7.896542644424838,
    0.14405553200295118,
    3.1629088630284854
  ]
}