{
  "loss": 0.41325619425039023,
  "mse_hist_eh": 0.4574481477007233,
  "hunting_gap": 0.6047184521339559,
  "penalty": 0.0,
  "speed_tier": 0,
  "stepsPerYear": 30,
  "atol": 0.001,
  "rtol": 0.001,
  "params_log": [
    -0.043680991315456996,
    -3.0710862671402888,
    0.7056871226017789,
    -2.2386725940785337,
    -1.0959482515926864,
    -1.1226845825859102,
    -1.498439724920801,
    0.8517390842694339,
    1.995670286314748,
    -1.2614697893297209,
    1.4873342911856375,
    1.3709417253924217,
    -0.5420246702775046,
    -0.07853117263242457
  ],
  "params_lin": [
    0.9043134884454489,
    0.0008490118127599652,
    5.077934827021368,
    0.005772014400297766,
    0.08017735931178367,
    0.07539029061106482,
    0.03173659100654072,
    7.1078635864693736,
    99.00799968801557,
    0.3333333333333333,
    0.05476841979949834,
    1.0,
    30.71385228073992,
    23.493175629983366,
    0.28706175107791676,
    0.8345816418278001
  ],
  "fixed_a3": 0.3333333333333333,
  "fixed_b4": 1.0
}