{
  "loss": 0.08948189643723456,
  "mse_hist_eh": 0.0800186851095966,
  "hunting_gap": 0.11715456286912697,
  "penalty": 0.0,
  "speed_tier": 0,
  "stepsPerYear": 30,
  "atol": 0.001,
  "rtol": 0.001,
  "params_log": [
    0.39632170620233675,
    -1.1564045581954268,
    0.16986576912352186,
    -2.1076389316117035,
    -0.828703357545265,
    -3.0226794191474315,
    -1.5374815750761892,
    0.2284969632940899,
    2.260385574681385,
    -0.39237561372002644,
    0.021193636993409537,
    -0.22021941055880984,
    1.2629356569320236,
    1.5643651693482619,
    -0.4037815324021621,
    0.03491454760582527
  ],
  "params_lin": [
    2.490701637050338,
    0.06975822827268666,
    1.4786512989250864,
    0.007804787236037923,
    0.14835310568745944,
    0.0009491188107780478,
    0.02900804262572677,
    1.6923764108358759,
    182.13171400976069,
    0.4051579698121059,
    1.0500104879121948,
    0.6022552429382041,
    18.32042975223577,
    36.67458172075969,
    0.3946557798858272,
    1.0837136600151287
  ]
}