{
  "loss": 1.878519733955463,
  "mse_hist_eh": 1.8670733637309425,
  "hunting_gap": 1.0841886586186076,
  "penalty": 0.0,
  "speed_tier": 0,
  "stepsPerYear": 30,
  "atol": 0.001,
  "rtol": 0.001,
  "params_log": [
    0.15672204698857456,
    -2.2399026213695614,
    0.2840781198353546,
    -1.4276928098785793,
    -0.7634546076716231,
    -3.864624731264659,
    -1.6965715658276324,
    0.5392315429494028,
    2.428090242022323,
    -0.33285292667527855,
    0.7772255169008988,
    0.7391510235811914,
    -0.6904351164161373,
    -0.029139893837604527
  ],
  "params_lin": [
    1.434570999035277,
    0.0057556897843259,
    1.923437681087663,
    0.037351426274410564,
    0.17240322769443692,
    0.0001365762766348202,
    0.020110757729418834,
    3.461238636611817,
    267.9725086874845,
    0.3333333333333333,
    0.46467260942324495,
    1.0,
    5.987224140516709,
    5.48467658454743,
    0.203969336698033,
    0.9351044121664612
  ],
  "fixed_a3": 0.3333333333333333,
  "fixed_b4": 1.0
}