{
  "loss": 0.09548206369660371,
  "mse_hist_eh": 0.0986945520674677,
  "hunting_gap": 0.3279136219239818,
  "penalty": 0.0,
  "speed_tier": 0,
  "stepsPerYear": 30,
  "atol": 0.001,
  "rtol": 0.001,
  "params_log": [
    0.534145997775835,
    -0.9262863182692738,
    0.11167305091174838,
    -1.953490234328129,
    -0.9192322048981694,
    -2.937926580209512,
    -1.373432205642449,
    0.3405277601075312,
    2.4178546786136375,
    -0.5360389899243337,
    0.17456531894192137,
    -0.08450349036557792,
    1.170565493588388,
    1.5126607630193618,
    -0.379588404739204,
    0.2319796436332956
  ],
  "params_lin": [
    3.4209442585624483,
    0.11849872614556722,
    1.2932219011086368,
    0.011130374206031461,
    0.12043918141666834,
    0.0011536482717086586,
    0.042322157041122285,
    2.190421835378915,
    261.73070718424873,
    0.29104558125453484,
    1.4947388378025461,
    0.8231832210834229,
    14.810355853477395,
    32.55822821607034,
    0.4172646516631606,
    1.7060024229287896
  ]
}