{
  "loss": 0.08887295229240721,
  "g_std": 0.024042436047802023,
  "r2_eh": 0.645080679594526,
  "r2_0": -0.28163607406709334,
  "hunting_r2_gain": 0.9267167536616193,
  "crash_mse_eh": 0.01430592016677779,
  "crash_mse_0": 1.0911008188897284,
  "crash_mse_ratio_0_over_eh": 76.26918129651597,
  "hunt_explains_crash_window": true,
  "narr_g4": 0.5524720679695542,
  "narr_g65": 0.11442172388117085,
  "narr_g_hunt_min": 0.11661454363380572,
  "narr_g_post_mean": 0.5206879272624932,
  "narr_decline_rel": 0.7889222800868289,
  "narr_recovery_rel": 3.5506037319681876,
  "narr_decline_ok": true,
  "narr_recovery_ok": true,
  "mega": 3,
  "params_lin": [
    2.166092118047292,
    0.044283016720596244,
    1.348362766006395,
    0.006240321376721481,
    0.12728282403676813,
    0.0008555974119486983,
    0.028191681878162227,
    2.8641217018921257,
    254.27016834530784,
    0.32658714534331146,
    1.0182483306311803,
    0.5410628651957231,
    14.859551569098008,
    32.30932869376215,
    0.430977258373361,
    1.102690597477853
  ]
}