{
  "loss": 250.0731874997099,
  "mse_hist_eh": 2.522474780992775,
  "hunting_gap": 3.0671220490069664,
  "penalty": 247.51328783860612,
  "speed_tier": 0,
  "stepsPerYear": 30,
  "atol": 0.001,
  "rtol": 0.001,
  "params_log": [
    -0.15632414419683682,
    -2.484099473955009,
    0.7315355391328182,
    -1.3710542742880247,
    -0.6666729009711019,
    -3.4852824191536422,
    -3.353237314028574,
    0.30925714045286057,
    1.5071566894404038,
    -1.2174916688352826,
    -0.65725329497832,
    0.04808835903182629,
    0.8812537631951274,
    0.7514925683171723,
    -0.7159812523410808,
    0.6235908301971391
  ],
  "params_lin": [
    0.6977114590730331,
    0.0032802015239553964,
    5.3893394554544525,
    0.04255452289268922,
    0.21544037633084287,
    0.0003271278963437349,
    0.0004433663065287355,
    2.038248542545455,
    32.14820206885839,
    0.06060498264000912,
    0.22016420177142818,
    1.117090501404504,
    7.607706740341811,
    5.642772853032559,
    0.1923174746879525,
    4.203304281805346
  ]
}