{
  "loss": 0.08033723225010286,
  "g_std": 0.040143188259753965,
  "r2_eh": 0.7130336516870995,
  "r2_0": -0.021324940018463856,
  "hunting_r2_gain": 0.7343585917055634,
  "crash_mse_eh": 0.008659357392646144,
  "crash_mse_0": 0.8026483401515793,
  "crash_mse_ratio_0_over_eh": 92.691443910206,
  "hunt_explains_crash_window": true,
  "narr_g4": 0.5753835844883765,
  "narr_g65": 0.10245123275306921,
  "narr_g_hunt_min": 0.10485148077930076,
  "narr_g_post_mean": 0.46230056521863633,
  "narr_decline_rel": 0.8177711627099956,
  "narr_recovery_rel": 3.512396281462905,
  "narr_decline_ok": true,
  "narr_recovery_ok": true,
  "mega": 7,
  "params_lin": [
    3.36946594322168,
    0.058610763455566116,
    0.8735771896417156,
    0.007163658497978389,
    0.16039674956984182,
    0.0010336536873959037,
    0.028335585136809463,
    1.972750541936165,
    175.4696302447688,
    0.44650675234266485,
    1.4950290659251195,
    0.6072580496078733,
    13.871530198308859,
    31.697552634987595,
    0.4262569626698657,
    1.8854764438459146
  ]
}