{
  "loss": 0.9405355698708902,
  "mse_hist_eh": 0.9586322119274802,
  "hunting_gap": 1.3735192491374306,
  "penalty": 0.0,
  "speed_tier": 0,
  "stepsPerYear": 30,
  "atol": 0.001,
  "rtol": 0.001,
  "params_log": [
    0.4706933590837676,
    -3.0688375001239905,
    0.16496819481751968,
    -2.4416005397215486,
    -0.8331790091395952,
    -1.707232956416367,
    -1.5143606209911358,
    1.275937962240352,
    2.7644518700732457,
    -0.8492077757371657,
    -0.3076979755212915,
    -0.9608652973447324,
    0.5937649162056853,
    0.5790223231715552,
    -0.4571498696949128,
    0.4105911277682773
  ],
  "params_lin": [
    2.9559246493031424,
    0.0008534193780356537,
    1.462070097091102,
    0.003617424372067915,
    0.14683209348283943,
    0.019623074089179626,
    0.030594219554641432,
    18.877216740412425,
    581.3689995351226,
    0.14151165960375148,
    0.49238183722151974,
    0.10942957251369048,
    3.9243245403646565,
    3.793344826450983,
    0.3490198522276631,
    2.5738967870912965
  ]
}