{
  "loss": 0.10604733333197489,
  "mse_hist_eh": 0.11824283560963507,
  "hunting_gap": 0.269690014599843,
  "penalty": 0.0,
  "speed_tier": 0,
  "stepsPerYear": 30,
  "atol": 0.001,
  "rtol": 0.001,
  "params_log": [
    0.4019709723815322,
    -1.1497087945975364,
    -0.06821728080511093,
    -2.0847766221624684,
    -1.051257289571649,
    -3.078279506321996,
    -1.5027750733061358,
    0.308145823162049,
    2.51466303659603,
    -0.5194518791110541,
    0.13038784677683068,
    -0.4960139724705369,
    1.281329682561652,
    1.5776115377619861,
    -0.43214435794298134,
    0.11793904046470083
  ],
  "params_lin": [
    2.52331211229216,
    0.07084206390692778,
    0.8546390235556137,
    0.00822665676340537,
    0.08886744834456009,
    0.0008350654079340737,
    0.03142135624959454,
    2.033039530514285,
    327.08681402244093,
    0.3023765592560689,
    1.3501681122579774,
    0.31914351760358367,
    19.113036209130993,
    37.81042315235221,
    0.36970527063551134,
    1.3120157256398404
  ]
}