{
  "loss": 16.900029034426094,
  "mse_hist_eh": 10.850837020848532,
  "hunting_gap": 11.531106963027339,
  "penalty": 5.286631772659516,
  "speed_tier": 0,
  "stepsPerYear": 30,
  "atol": 0.001,
  "rtol": 0.001,
  "params_log": [
    0.26519877016878846,
    -2.197725561916021,
    0.2951433737796081,
    -1.0461283805248685,
    -0.6304971532722365,
    -2.6689227088240197,
    -2.963692593429223,
    0.6076041001443604,
    3.125521822121849,
    -0.5891758588173688,
    -0.9370833664949764,
    -0.229610063748242,
    0.5171595351311561,
    0.8647839830179512,
    -0.9075147468482772,
    0.33935175322706135
  ],
  "params_lin": [
    1.8416146884493598,
    0.0063427039091413845,
    1.973074000174089,
    0.08992317229707524,
    0.2341546823567185,
    0.0021432720042475926,
    0.001087194900261555,
    4.051390451010936,
    1335.1246742769324,
    0.2575278138745287,
    0.115589033797857,
    0.5893725927653795,
    3.2897245448177137,
    7.324601186977866,
    0.1237329174629696,
    2.184498512034169
  ]
}