{
  "loss": 121.55827902009796,
  "mse_hist_eh": 2.4606811265604036,
  "hunting_gap": 3.781365597253385,
  "penalty": 118.926185751918,
  "speed_tier": 0,
  "stepsPerYear": 30,
  "atol": 0.001,
  "rtol": 0.001,
  "params_log": [
    0.04813563205392818,
    -3.7027242303847263,
    0.09962166497997837,
    -1.7552720399455901,
    -1.104420449457387,
    -1.4093298906173595,
    -3.811528425780593,
    1.2922879264691358,
    2.5500851037064023,
    -0.3633197596537162,
    0.5152469045382086,
    0.23521983290786785,
    1.2467066583353066,
    0.8638796601762779,
    -0.608977350597258,
    0.48837280397486543
  ],
  "params_lin": [
    1.117212103497923,
    0.00019827856613546896,
    1.2578291782732707,
    0.017568228039865665,
    0.07862842031246153,
    0.038964589873718924,
    0.00015433754018099498,
    19.60143769523409,
    354.88292475505216,
    0.43319181315466165,
    3.2752684709861333,
    1.718778184976732,
    17.64845363546042,
    7.309365182582215,
    0.24604959210206695,
    3.0787385095218305
  ]
}