{
  "loss": 0.3064578041122221,
  "mse_hist_eh": 0.33672702078680933,
  "hunting_gap": 0.2982338074647037,
  "penalty": 0.0,
  "speed_tier": 0,
  "stepsPerYear": 30,
  "atol": 0.001,
  "rtol": 0.001,
  "params_log": [
    0.42184367366865494,
    -1.3781904579751272,
    0.706173127774721,
    -2.347837097400479,
    -0.7609736752697851,
    -1.2324267535384266,
    -1.5296412384183833,
    0.30763411987776235,
    2.418339958527455,
    -0.4603865545417374,
    -0.4239467984361495,
    -0.9626924475807395,
    1.3562592017151682,
    1.8762001352470703,
    -0.6735788965088579,
    -0.01906443963953347
  ],
  "params_lin": [
    2.6414577810871944,
    0.041860994526889614,
    5.0836205635150815,
    0.004489137445990074,
    0.17339090953496802,
    0.05855624867429518,
    0.029536481660787504,
    2.0306455319271,
    262.02332808693507,
    0.3464283660530169,
    0.3767499484507715,
    0.10897015092965465,
    22.712199887708067,
    75.19693430419335,
    0.21204161507366462,
    0.9570520555252406
  ]
}