{
  "loss": 0.08378016424524248,
  "mse_hist_eh": 0.07637765764848635,
  "hunting_gap": 0.18000137319081527,
  "penalty": 0.0,
  "speed_tier": 0,
  "stepsPerYear": 30,
  "atol": 0.001,
  "rtol": 0.001,
  "params_log": [
    0.544024492626287,
    -1.1901112485601606,
    -0.048475911748610614,
    -2.196850252024293,
    -0.7255694828028383,
    -3.1529840391779915,
    -1.5543057051530287,
    0.2494590173935337,
    2.457301278867978,
    -0.5050486050224803,
    0.16823254217254024,
    -0.3913380570786267,
    1.1031595199997735,
    1.5277693281431504,
    -0.37344068129604685,
    0.2546976494246098
  ],
  "params_lin": [
    3.499649032171587,
    0.06454888598959665,
    0.8943841377953609,
    0.006355500364667168,
    0.1881180711914629,
    0.0007030981590755121,
    0.027905788274385782,
    1.7760656602770561,
    286.6165597456321,
    0.31257295246506195,
    1.4731010605207615,
    0.40612707467145825,
    12.681175705262506,
    33.710820891305765,
    0.42321331093620523,
    1.7976189987491913
  ]
}