{
  "loss": 0.08140923843134407,
  "mse_hist_eh": 0.07565593484035174,
  "hunting_gap": 0.17970275649637216,
  "penalty": 0.0,
  "speed_tier": 0,
  "stepsPerYear": 30,
  "atol": 0.001,
  "rtol": 0.001,
  "params_log": [
    0.6135305728367006,
    -1.1776594543103025,
    -0.06501335122076589,
    -1.925700320802123,
    -0.7643542316513103,
    -2.899880712747873,
    -1.5128647938080177,
    0.23921838414219243,
    2.3023512383811187,
    -0.37369767352729877,
    0.16587382251699528,
    -0.23656204377692777,
    1.1199054413925658,
    1.4762348217558023,
    -0.38503469260577355,
    0.3699219883566343
  ],
  "params_lin": [
    4.107055511143494,
    0.06642637389695427,
    0.8609672836443638,
    0.011865872546707236,
    0.17204647080404034,
    0.0012592712471321541,
    0.030699775966067242,
    1.7346760569870645,
    200.60938123921898,
    0.4229629500312729,
    1.4651221107534433,
    0.5800133052787838,
    13.179697467631245,
    29.93882982821201,
    0.41206460095917646,
    2.343807762955817
  ]
}