{
  "loss": 0.18250657881523688,
  "mse_hist_eh": 0.20439246331158678,
  "hunting_gap": 0.3555739265987641,
  "penalty": 0.0,
  "speed_tier": 0,
  "stepsPerYear": 30,
  "atol": 0.001,
  "rtol": 0.001,
  "params_log": [
    0.5016967964778172,
    -3.283376104948084,
    0.03045275494050559,
    -0.7831305695127186,
    -0.9146972906991553,
    -2.4100638147610978,
    -2.565925293370186,
    0.08052692800531425,
    2.8175810794633405,
    0.48203148413449526,
    1.1578156044653656,
    1.5822662783104973,
    -0.5022495919518233,
    0.05737478337305074
  ],
  "params_lin": [
    3.174656903998119,
    0.0005207435447588959,
    1.072636953851679,
    0.16476669502456287,
    0.12170339947200559,
    0.0038898798332151112,
    0.002716906586492632,
    1.2037240232101718,
    657.0237663469171,
    0.3333333333333333,
    3.034111133801017,
    1.0,
    14.381878136042104,
    38.21785235519822,
    0.31459398017632295,
    1.1412342143180703
  ],
  "fixed_a3": 0.3333333333333333,
  "fixed_b4": 1.0
}