{
  "loss": 0.3036785128321188,
  "g_std": 0.03214719841289776,
  "r2_eh": -0.6217648559154103,
  "r2_0": -0.6667985337656819,
  "hunting_r2_gain": 0.04503367785027157,
  "crash_mse_eh": 0.1626973902103304,
  "crash_mse_0": 1.2866576980991415,
  "crash_mse_ratio_0_over_eh": 7.9082872591126385,
  "hunt_explains_crash_window": true,
  "mega": 1,
  "params_lin": [
    0.03742186792119705,
    0.04634524287650061,
    0.5510454179877687,
    0.16487374190257356,
    0.13067855309958734,
    0.01104180019923576,
    0.24344013936110245,
    1.8517288582171454,
    0.5866056497439761,
    0.03381151268625467,
    0.12606288525477602,
    0.19161762795588244,
    2.971199233330549,
    15.347670794137802,
    0.14257518238925776,
    1.5968623437382186
  ]
}