{
  "loss": 69.43375349295955,
  "mse_hist_eh": 0.9062039117477602,
  "hunting_gap": 0.09860455013661051,
  "penalty": 68.5587605500758,
  "speed_tier": 0,
  "stepsPerYear": 30,
  "atol": 0.001,
  "rtol": 0.001,
  "params_log": [
    -0.29024052129606304,
    -3.2415286509588466,
    -0.12316763828514293,
    -0.6581815212033201,
    -1.0543601082223752,
    -2.77482148040086,
    -2.4543699614462424,
    -0.12208692988803393,
    1.3155599002726377,
    -0.5613550940807909,
    0.10539897435529055,
    -0.23236338151618835,
    0.8192375336257425,
    0.8538891775161027,
    -0.848867566142185,
    -0.5121031816197343
  ],
  "params_lin": [
    0.5125774293518381,
    0.0005734180361816074,
    0.7530648235357486,
    0.2196941429605841,
    0.08823479718736595,
    0.0016794942433913324,
    0.0035126108506424183,
    0.7549411009147929,
    20.680445982828985,
    0.27456482987572023,
    1.2746735507090838,
    0.5856479379471924,
    6.5953452334024165,
    7.143140254501161,
    0.1416225578266453,
    0.30753660687520795
  ]
}