{
  "loss": 14.864197220961927,
  "mse_hist_eh": 6.490042186558989,
  "hunting_gap": 2.0351925218946887,
  "penalty": 8.7048845271346,
  "speed_tier": 0,
  "stepsPerYear": 30,
  "atol": 0.001,
  "rtol": 0.001,
  "params_log": [
    -0.04411964720084438,
    -2.680352991842766,
    0.23745611267330247,
    -0.6473726968028487,
    -0.9502069637728789,
    -3.1955984406088627,
    -2.0962772070725184,
    0.040221325590108936,
    2.515538610730996,
    -0.7958050485266894,
    -0.30206173983199436,
    -0.25975300456511635,
    1.1333048876351106,
    0.6629220797318478,
    -1.0225575704572598,
    -0.3609009084533131
  ],
  "params_lin": [
    0.9034005545150514,
    0.0020875986539490876,
    1.7276513850775397,
    0.22523055303025355,
    0.11214838818879434,
    0.0006373845900469701,
    0.008011665212677082,
    1.09703712687222,
    327.74691368334976,
    0.16002762191702413,
    0.49881357047517705,
    0.5498535020350227,
    13.59267357798518,
    4.601740026529747,
    0.09493851395339419,
    0.43561125433779074
  ]
}