{
  "loss": 0.09407279860320589,
  "g_std": 0.06201016194740242,
  "r2_eh": 0.6610525568520186,
  "r2_0": 0.20847838966012755,
  "hunting_r2_gain": 0.45257416719189103,
  "crash_mse_eh": 0.044966483870501284,
  "crash_mse_0": 0.5622205599711303,
  "crash_mse_ratio_0_over_eh": 12.503102568076324,
  "hunt_explains_crash_window": true,
  "narr_g4": 0.5527334089850464,
  "narr_g65": 0.04383083000502191,
  "narr_g_hunt_min": 0.04510758737427314,
  "narr_g_post_mean": 0.4406154435156056,
  "narr_decline_rel": 0.9183917824408453,
  "narr_recovery_rel": 9.052637251279178,
  "narr_decline_ok": true,
  "narr_recovery_ok": true,
  "mega": 1,
  "params_lin": [
    3.3590195190902374,
    0.025669268561314483,
    1.284483529806892,
    0.010551061402645603,
    0.15849731183101118,
    0.0006979459160816225,
    0.03692494097610408,
    2.026621906104079,
    315.8370210003356,
    0.30811019592175937,
    1.0456268341723787,
    0.340096070709599,
    16.054547587756787,
    33.91792073111632,
    0.4156442244138611,
    2.1355730929066445
  ]
}