{
  "loss": 0.13734221030283442,
  "g_std": 0.062436410777575925,
  "r2_eh": 0.4426097729755498,
  "r2_0": -0.9577010623697415,
  "hunting_r2_gain": 1.4003108353452913,
  "crash_mse_eh": 0.2197915669745814,
  "crash_mse_0": 1.6655828478948538,
  "crash_mse_ratio_0_over_eh": 7.578010707207425,
  "hunt_explains_crash_window": true,
  "narr_g4": 0.31267823681771056,
  "narr_g65": 0.02337209695836431,
  "narr_g_hunt_min": 0.024781899308478152,
  "narr_g_post_mean": 0.3002200347705073,
  "narr_decline_rel": 0.9207431240452179,
  "narr_recovery_rel": 11.845232649004272,
  "narr_decline_ok": true,
  "narr_recovery_ok": true,
  "mega": 3,
  "params_lin": [
    6.7851936818478364,
    0.00024036727575001149,
    1.6691205924465045,
    0.004916413041641007,
    0.26366115918081257,
    0.26636703612990914,
    0.0950303294471777,
    3.4259061948505183,
    531.690119526238,
    0.3333333333333333,
    1.6799391731169768,
    1.0,
    6.952772320536672,
    14.136574715680835,
    0.28439472073450817,
    2.063985790946832
  ],
  "fixed_a3": 0.3333333333333333,
  "fixed_b4": 1.0
}