{
  "source": "/home/eochis/code/research/Wins (assigned)/good #1/checkpoint.json",
  "fixed_a3": 0.3333333333333333,
  "fixed_b4": 1.0,
  "phase1_fun": 582.8901051834782,
  "loss": 4403.544932724282,
  "de_message": "Maximum number of iterations has been exceeded.",
  "nit": 32,
  "params_log": [
    -0.36284966851610734,
    -0.5284840510843265,
    -0.5565352737468968,
    -1.9789903139047955,
    -0.6797509718345149,
    -1.5738676548796608,
    -3.493892819604429,
    -0.22873963375305345,
    -0.011067313615295934,
    0.6220854229361529,
    0.9169835378488903,
    1.814057794329611,
    -1.0210414467526963,
    0.18889623230908298
  ],
  "params_lin_14": [
    0.43366096460100484,
    0.2961528721794773,
    0.27762893444958403,
    0.010495658369194673,
    0.20904944946445464,
    0.02667671475940168,
    0.0003207060703713015,
    0.5905550209173548,
    0.9748385305902866,
    4.188759472250151,
    8.26006638786018,
    65.17151161669874,
    0.0952705238570271,
    1.5448852699149245
  ],
  "params_lin_16": [
    0.43366096460100484,
    0.2961528721794773,
    0.27762893444958403,
    0.010495658369194673,
    0.20904944946445464,
    0.02667671475940168,
    0.0003207060703713015,
    0.5905550209173548,
    0.9748385305902866,
    0.3333333333333333,
    4.188759472250151,
    1.0,
    8.26006638786018,
    65.17151161669874,
    0.0952705238570271,
    1.5448852699149245
  ],
  "g_std": 0.0601276405263975,
  "r2_eh": -2.6938552802333553,
  "r2_0": -8.037944242560174
}