{
  "loss": 0.08011279248613669,
  "g_std": 0.04179991090701044,
  "r2_eh": 0.7054882294007009,
  "r2_0": 0.027293698050873783,
  "hunting_r2_gain": 0.6781945313498271,
  "crash_mse_eh": 0.01790881536790211,
  "crash_mse_0": 0.7488749298962468,
  "crash_mse_ratio_0_over_eh": 41.815994775212,
  "hunt_explains_crash_window": true,
  "narr_g4": 0.5571590350886821,
  "narr_g65": 0.08065206525570442,
  "narr_g_hunt_min": 0.08270799244837966,
  "narr_g_post_mean": 0.4633507615731425,
  "narr_decline_rel": 0.8515540660903592,
  "narr_recovery_rel": 4.745057555055141,
  "narr_decline_ok": true,
  "narr_recovery_ok": true,
  "mega": 2,
  "params_lin": [
    3.4351911036886777,
    0.041395019580866804,
    1.1248561869578075,
    0.00900315404280195,
    0.12577328636408022,
    0.001291253471396295,
    0.030565611968080917,
    1.8531477508289795,
    209.04691572854102,
    0.3798653005204187,
    1.251305713689301,
    0.4872821283185911,
    18.553172219893543,
    31.47410451823442,
    0.41457654818775636,
    1.799534979966456
  ]
}