{
  "loss": 0.2263099628368204,
  "mse_hist_eh": 0.2534336649319538,
  "hunting_gap": 0.5740264791651049,
  "penalty": 0.0,
  "speed_tier": 0,
  "stepsPerYear": 30,
  "atol": 0.001,
  "rtol": 0.001,
  "params_log": [
    0.5452402589318138,
    -1.193207724789842,
    -0.13508682520753437,
    -1.9818600592746562,
    -0.7836215309308088,
    -2.9341742296380007,
    -1.2912521967928212,
    0.2135034191339925,
    2.4467862130331155,
    -0.6852047172023947,
    0.21791478604338432,
    -0.4985871178027298,
    1.0973246285121305,
    1.5282044628749119,
    -0.5346684728691585,
    0.2846349782546155
  ],
  "params_lin": [
    3.5094596940741147,
    0.06409029568115127,
    0.7326780397226749,
    0.010426533446905036,
    0.16458053474336176,
    0.001163659100665116,
    0.0511384785814547,
    1.634946022758989,
    279.76038246527276,
    0.20644068088610884,
    1.65163769466025,
    0.3172582192215708,
    12.51193929172691,
    33.74461386044785,
    0.2919654938852828,
    1.925905521420183
  ]
}