{
  "loss": 0.08364605551332946,
  "mse_hist_eh": 0.08159797375041485,
  "hunting_gap": 0.19871202262720822,
  "penalty": 0.0,
  "speed_tier": 0,
  "stepsPerYear": 30,
  "atol": 0.001,
  "rtol": 0.001,
  "params_log": [
    0.5567714925908358,
    -1.2952367072626472,
    0.08389786710987156,
    -1.9777115532349328,
    -0.7715306913818549,
    -3.0732417135625982,
    -1.5544216501865142,
    0.32468691725687693,
    2.3487416092397333,
    -0.3657617243552973,
    0.07058376823751376,
    -0.11366291932553821,
    1.0947456599603889,
    1.500389793631269,
    -0.37856645695275015,
    0.28290133070986834
  ],
  "params_lin": [
    3.603889716755974,
    0.05067144540530134,
    1.2131035317595185,
    0.010526607908049936,
    0.1692268648400282,
    0.0008448085225505989,
    0.0278983391682422,
    2.111965975366644,
    223.22437169549838,
    0.430762883703677,
    1.1764778859676586,
    0.7697276379422148,
    12.437859881284123,
    31.651171828304527,
    0.4182476823276784,
    1.918232879321255
  ]
}