{
  "loss": 0.3634911228129853,
  "mse_hist_eh": 0.40730171345237903,
  "hunting_gap": 0.8092878509764316,
  "penalty": 0.0,
  "speed_tier": 0,
  "stepsPerYear": 30,
  "atol": 0.001,
  "rtol": 0.001,
  "params_log": [
    0.12069724829489373,
    -1.1399093648061545,
    0.05304236173789911,
    -2.4279297832387132,
    -0.8889162890781865,
    -2.952749028690236,
    -1.495950402529294,
    0.4930910131634074,
    2.4478789544693162,
    -0.5682551804186065,
    0.06095834493987858,
    -0.4946412224929826,
    1.0709456412783964,
    1.5857974549365164,
    -0.557081662087527,
    -0.026540942824151315
  ],
  "params_lin": [
    1.320374864698585,
    0.07245871621931027,
    1.1299061220428224,
    0.003733105097852712,
    0.12914681820800375,
    0.001114938651327428,
    0.03191902357186076,
    3.1123685139965223,
    280.46518230821806,
    0.2702370053450394,
    1.1506900160003757,
    0.3201538859161243,
    11.774585870077713,
    38.529862124751034,
    0.27727986754663514,
    0.9407171403717799
  ]
}