{
  "loss": 0.20441483034176816,
  "mse_hist_eh": 0.23354005071325287,
  "hunting_gap": 0.5025204465207479,
  "penalty": 0.0,
  "speed_tier": 0,
  "stepsPerYear": 30,
  "atol": 0.001,
  "rtol": 0.001,
  "params_log": [
    0.34433880539792505,
    -1.3835276955881617,
    0.14391655809876774,
    -2.3835908817048663,
    -0.6745670943121929,
    -2.5258809068882293,
    -1.4979537913797036,
    0.2866337650573642,
    2.32297248106957,
    -0.7262821198594406,
    0.4105821445112375,
    -0.1832781161318302,
    1.088431799669484,
    1.681583452904734,
    -0.45857420330645415,
    -0.03225310110246432
  ],
  "params_lin": [
    2.2097279319771514,
    0.041349694420772486,
    1.3928891585462615,
    0.004134367883303004,
    0.21155968206719267,
    0.00297933331623157,
    0.031772121057473984,
    1.934789692580037,
    210.36451387443205,
    0.1878096399672282,
    2.573843547323669,
    0.6557252145335105,
    12.25834386128784,
    48.037837963876875,
    0.34787706449501954,
    0.9284251551349927
  ]
}