{
  "loss": 0.09474959566765775,
  "mse_hist_eh": 0.09157740231786958,
  "hunting_gap": 0.17285311535502246,
  "penalty": 0.0,
  "speed_tier": 0,
  "stepsPerYear": 30,
  "atol": 0.001,
  "rtol": 0.001,
  "params_log": [
    0.39942698596434667,
    -1.4054332492157542,
    0.2041269910593521,
    -2.006603320017544,
    -0.8898899888281254,
    -3.075672590924014,
    -1.4184594723486703,
    0.22971252964101738,
    2.2678022866380174,
    -0.5704440960632743,
    0.11815456324308041,
    -0.44392645497718997,
    1.3387991546110767,
    1.5816595104208901,
    -0.39178142713296155,
    0.047728051771516955
  ],
  "params_lin": [
    2.5085743998992562,
    0.03931576683461253,
    1.6000258201207467,
    0.009849103016841854,
    0.12885759196302288,
    0.0008400930833183833,
    0.03815403973445717,
    1.697119914550581,
    185.26879917797757,
    0.2688783930659409,
    1.312666987540085,
    0.35981026158819124,
    21.817207120904097,
    38.16449415058726,
    0.40571267221365126,
    1.1161641048738813
  ]
}