{
  "loss": 5.8820141279723055,
  "mse_hist_eh": 0.6202711240579932,
  "hunting_gap": 0.785948719803927,
  "penalty": 5.302847322433372,
  "speed_tier": 0,
  "stepsPerYear": 30,
  "atol": 0.001,
  "rtol": 0.001,
  "params_log": [
    0.38573800362577004,
    -1.7668245702196237,
    0.5661121816237471,
    -1.6439938959219054,
    -0.960387732881484,
    -1.8173493076950413,
    -1.4676718680743326,
    0.7657588811811942,
    1.8273860461332454,
    -0.5665664541250651,
    -0.5199587131541203,
    0.4392064156628137,
    0.26561421206333546,
    0.9952779412110132,
    -0.15689027562960714,
    0.41786265738708445
  ],
  "params_lin": [
    2.430737178416662,
    0.017107062016214907,
    3.6822407648610573,
    0.022698967554199433,
    0.10954997104740777,
    0.01522827434707726,
    0.034066548286771414,
    5.831212674417078,
    67.20259541106411,
    0.27128985027584146,
    0.3020238830216383,
    2.749200509116775,
    1.8433772020886616,
    9.891859546063094,
    0.6968025388256548,
    2.617355156938815
  ]
}