{
  "loss": 0.08996627875956553,
  "mse_hist_eh": 0.09368394252394437,
  "hunting_gap": 0.2459736907914506,
  "penalty": 0.0,
  "speed_tier": 0,
  "stepsPerYear": 30,
  "atol": 0.001,
  "rtol": 0.001,
  "params_log": [
    0.3459726231420431,
    -1.4289557125887766,
    0.20769520881963435,
    -2.170453944245861,
    -0.9018982882918539,
    -3.0577446817968643,
    -1.5377712557811474,
    0.3047955427386948,
    2.2853276771528854,
    -0.5421547579152173,
    0.1876209393057143,
    -0.21584186298268718,
    1.2972004985108034,
    1.5323916185012163,
    -0.3896975503150888,
    0.08091071882297429
  ],
  "params_lin": [
    2.2180565945506987,
    0.0372429683033576,
    1.6132259851465633,
    0.0067537667206533925,
    0.1253434694802671,
    0.0008754983223256833,
    0.028988700292988105,
    2.0174163803105967,
    192.89797882507924,
    0.2869757780933618,
    1.5403554137984874,
    0.6083564781107151,
    19.8244203844428,
    34.071528609270516,
    0.4076640828147296,
    1.2047882375489005
  ]
}