{
  "loss": 409.9841554998461,
  "mse_hist_eh": 0.5431779531931339,
  "hunting_gap": 0.004526532038284015,
  "penalty": 409.53166060142064,
  "speed_tier": 0,
  "stepsPerYear": 30,
  "atol": 0.001,
  "rtol": 0.001,
  "params_log": [
    0.5290832638360412,
    -2.156167517416179,
    -0.35470198653638363,
    -1.2474966818398188,
    -1.0814908524615343,
    -0.5256324515817521,
    -2.160753001270573,
    0.7762552408358803,
    2.524957263675093,
    0.6246310649439692,
    1.373621739293556,
    1.1973974877037108,
    -0.5848832673417803,
    -0.07649821344351394
  ],
  "params_lin": [
    3.3812965690896117,
    0.006979631316416805,
    0.44187355757973834,
    0.05655920783919154,
    0.08289133754798154,
    0.2981038249134599,
    0.006906324794376638,
    5.973862755577276,
    334.9324788322334,
    0.3333333333333333,
    4.213384225273745,
    1.0,
    23.638599318827175,
    15.754241105691907,
    0.2600858545872813,
    0.8384975279405951
  ],
  "fixed_a3": 0.3333333333333333,
  "fixed_b4": 1.0
}