{
  "loss": 95.93740226852964,
  "mse_hist_eh": 3.39737516162155,
  "hunting_gap": 0.3846816557289272,
  "penalty": 92.74287447492021,
  "speed_tier": 0,
  "stepsPerYear": 30,
  "atol": 0.001,
  "rtol": 0.001,
  "params_log": [
    -0.8138121658403845,
    -1.7099776801651012,
    0.21291427096035864,
    -0.6386959010673934,
    -0.9319526479535494,
    -3.25457169951747,
    -1.7395889962932047,
    0.30809703120026044,
    2.756462809494276,
    -1.632597875409167,
    -1.0875090930882847,
    -0.3368151628185877,
    0.8645969951183026,
    1.1859680414632903,
    -0.888893445507513,
    -0.3276276669564794
  ],
  "params_lin": [
    0.15352808545446445,
    0.019499448113188676,
    1.6327296178532364,
    0.22977570058131702,
    0.11696269109652205,
    0.0005564527595289855,
    0.018214237858822105,
    2.0328111361431573,
    570.7721963991771,
    0.023302478963865524,
    0.08175059211446899,
    0.4604525020066007,
    7.321448218095903,
    15.345040587103242,
    0.12915361141441506,
    0.4702971349621622
  ]
}