{
  "loss": 0.3122602400056961,
  "mse_hist_eh": 0.324417316033354,
  "hunting_gap": 0.6287781641972536,
  "penalty": 0.0,
  "speed_tier": 0,
  "stepsPerYear": 30,
  "atol": 0.001,
  "rtol": 0.001,
  "params_log": [
    0.3102602154042975,
    -3.542230236113796,
    0.8495230299662653,
    -2.2715298015425693,
    -0.707242381469857,
    -2.1202667025994617,
    -1.9110530792838385,
    0.5107120874251658,
    2.3460280103011573,
    -0.5560249050978672,
    1.453068942208178,
    1.1378432297167596,
    -0.47069072338376533,
    0.1353014705369098
  ],
  "params_lin": [
    2.0429616555044405,
    0.00028692590747896957,
    7.0716869975203025,
    0.005351434306546218,
    0.19622648234088733,
    0.007581118714316362,
    0.012272892232333193,
    3.241246698614571,
    221.83394894362007,
    0.3333333333333333,
    0.27795538665951225,
    1.0,
    28.383695705112256,
    13.735460670872946,
    0.33830566999659534,
    1.3655307065988798
  ],
  "fixed_a3": 0.3333333333333333,
  "fixed_b4": 1.0
}