{
  "loss": 228.7842868289541,
  "mse_hist_eh": 5.026021330529859,
  "hunting_gap": 11.786179628387192,
  "penalty": 221.91014569014519,
  "speed_tier": 0,
  "stepsPerYear": 30,
  "atol": 0.001,
  "rtol": 0.001,
  "params_log": [
    -0.16462423422589856,
    -1.970943529054022,
    -0.7373835597137766,
    -1.5778088751074755,
    -0.8028136688295424,
    -3.7256671763943356,
    -3.1766319330352832,
    0.09448031632695975,
    0.9347351357151998,
    -0.751266199934945,
    0.29917935942293805,
    -0.189916090151508,
    0.2889777962118387,
    1.9475856821793363,
    -1.0104593659930223,
    0.4435721688292255
  ],
  "params_lin": [
    0.6845036460533914,
    0.010691938965668408,
    0.18306968753701072,
    0.0264357188799539,
    0.15746583162760006,
    0.00018807575920297716,
    0.0006658372178536521,
    1.2430262964742216,
    8.60468815814522,
    0.17731023282108235,
    1.9914956376224406,
    0.6457789876601144,
    1.9452606254683977,
    88.63100669756038,
    0.09762041149956498,
    2.776976271437681
  ]
}