{
  "loss": 0.9006912877762547,
  "mse_hist_eh": 0.7380008755248476,
  "hunting_gap": 2.0646263380427468,
  "penalty": 0.0,
  "speed_tier": 0,
  "stepsPerYear": 30,
  "atol": 0.001,
  "rtol": 0.001,
  "params_log": [
    -0.07557180512680711,
    -3.0445324122051214,
    0.02533068155012952,
    -1.5173353280787747,
    -1.2662665801189517,
    -1.6895483110156575,
    -1.8034235341546587,
    1.3691407142163752,
    1.730200204683956,
    0.09771494649791113,
    0.5308624410076919,
    1.7191696377166683,
    -0.5539654567496364,
    -0.1978699460619382
  ],
  "params_lin": [
    0.8402880645579538,
    0.0009025423465430096,
    1.0600605718358254,
    0.030385379993764793,
    0.054166829965438146,
    0.020438625636257535,
    0.01572448627730374,
    23.395951598055895,
    53.72794188274361,
    0.3333333333333333,
    1.252318933142046,
    1.0,
    3.395177162797783,
    52.38049976283501,
    0.27927659655826303,
    0.6340595584693032
  ],
  "fixed_a3": 0.3333333333333333,
  "fixed_b4": 1.0
}