{
  "loss": 0.07886704534136618,
  "mse_hist_eh": 0.0739090322792827,
  "hunting_gap": 0.1580461482292529,
  "penalty": 0.0,
  "speed_tier": 0,
  "stepsPerYear": 30,
  "atol": 0.001,
  "rtol": 0.001,
  "params_log": [
    0.5805594369818494,
    -1.422696788580809,
    -0.18260588696578864,
    -2.001764104565208,
    -0.6499218953967824,
    -2.91256337920224,
    -1.4913129372669307,
    0.24898151526493284,
    2.2673111864793687,
    -0.37383323111447664,
    0.19355496323625565,
    -0.40852174232467503,
    1.0372483197570426,
    1.4650697468615954,
    -0.37233010849084636,
    0.2987040528915989
  ],
  "params_lin": [
    3.8067945333453683,
    0.03778358925809845,
    0.6567409744755616,
    0.009959462378921532,
    0.22391237919696613,
    0.0012230286221130019,
    0.03226168620797505,
    1.77411396824619,
    185.05941564531662,
    0.42283094998961535,
    1.5615466509494083,
    0.3903716386273494,
    10.895528969547932,
    29.178955848140006,
    0.4242969320208301,
    1.9893172698731907
  ]
}