{
  "loss": 0.12190033604323991,
  "mse_hist_eh": 0.13873504975402445,
  "hunting_gap": 0.26418992426445653,
  "penalty": 0.0,
  "speed_tier": 0,
  "stepsPerYear": 30,
  "atol": 0.001,
  "rtol": 0.001,
  "params_log": [
    0.5698658238723875,
    -1.503930782896002,
    0.03683602275889744,
    -2.0195717147365215,
    -0.925828796233982,
    -2.9229588277476455,
    -1.3124177176493137,
    0.4454568101909724,
    2.5045881335047135,
    -0.4615923593721998,
    -0.008600619429795203,
    -0.3156081714817359,
    1.0398834051191805,
    1.5648016731254757,
    -0.3761374781878506,
    -0.02604493715183659
  ],
  "params_lin": [
    3.71420460293111,
    0.031337851417766155,
    1.0885190219185334,
    0.0095593482915285,
    0.11862362836829554,
    0.0011941013030239529,
    0.04870597958033014,
    2.7890532761906033,
    319.5862851095141,
    0.345467852735888,
    0.9803911462815192,
    0.48349482329370097,
    10.961838645539505,
    36.711461399934876,
    0.4205934662492268,
    0.9417921427261894
  ]
}