{
  "loss": 0.08719649660633129,
  "mse_hist_eh": 0.08315474257734366,
  "hunting_gap": 0.21048122248960632,
  "penalty": 0.0,
  "speed_tier": 0,
  "stepsPerYear": 30,
  "atol": 0.001,
  "rtol": 0.001,
  "params_log": [
    0.4517208346554754,
    -1.332067192379675,
    0.033277804829653874,
    -2.1028079705567984,
    -0.6849364703228653,
    -3.111812295737633,
    -1.4903191173198398,
    0.230728289867061,
    2.301949795542224,
    -0.553564120338319,
    0.18274154412989274,
    -0.22355638708156755,
    1.0467231901790353,
    1.4869978664933154,
    -0.3858051661569587,
    0.1184025281881223
  ],
  "params_lin": [
    2.82957255630502,
    0.046551406539702626,
    1.0796371120677393,
    0.007892090003948225,
    0.20656823068565872,
    0.0007730146137153489,
    0.032335596933501375,
    1.7010939103221177,
    200.4240323719216,
    0.279534798484922,
    1.5231460344814955,
    0.5976454437253284,
    11.135845328775371,
    30.690069116100403,
    0.4113342130906385,
    1.3134166823926958
  ]
}