{
  "loss": 606.8545579366292,
  "mse_hist_eh": 0.5825416578557785,
  "hunting_gap": 0.6800931498787022,
  "penalty": 606.200943843083,
  "speed_tier": 0,
  "stepsPerYear": 30,
  "atol": 0.001,
  "rtol": 0.001,
  "params_log": [
    -0.2390438689478448,
    -0.6475250887904715,
    -0.8216969332195043,
    -1.7736448065735806,
    -0.501015383552907,
    -1.6133008789766055,
    -3.912950994063915,
    0.01086668885432951,
    0.05864537643617451,
    0.6508224726143752,
    0.558100070295533,
    1.9711731059832116,
    -0.7361670106374989,
    -0.07901061744822058
  ],
  "params_lin": [
    0.5767082060090951,
    0.22515153450288947,
    0.1507658799345254,
    0.01684050820999324,
    0.31548928689707073,
    0.024361224892877918,
    0.0001221937536230212,
    1.0253371401886655,
    1.1445779535704974,
    0.3333333333333333,
    4.475303289532176,
    1.0,
    3.6149314842915663,
    93.57785929866589,
    0.18358322269134503,
    0.8336608033829845
  ],
  "fixed_a3": 0.3333333333333333,
  "fixed_b4": 1.0
}