{
  "loss": 2.3335189748269523,
  "mse_hist_eh": 2.235985568599176,
  "hunting_gap": 1.4880595669598535,
  "penalty": 0.0,
  "speed_tier": 0,
  "stepsPerYear": 30,
  "atol": 0.001,
  "rtol": 0.001,
  "params_log": [
    -0.12242192293827558,
    -3.509905044058983,
    0.0751558427347323,
    -2.915514265370426,
    -0.983518395430472,
    -1.6479246401425085,
    -2.7423120180733203,
    0.3574245168434872,
    1.161804044268544,
    -0.5834883578662384,
    -1.3864736651438785,
    -1.2819062247872353,
    0.053294868424966335,
    0.8444749996678227,
    -0.7382392151200905,
    0.22086439017226578
  ],
  "params_lin": [
    0.7543590016237832,
    0.0003090971181354661,
    1.1889287874814873,
    0.001214746718751897,
    0.10386796060930904,
    0.022494449012402294,
    0.0018100392060207574,
    2.277322394271501,
    14.514565657263333,
    0.26092256675986236,
    0.041070154334144536,
    0.05225089997877664,
    1.130563260969088,
    6.989964975962719,
    0.18270935517359116,
    1.6628933255853497
  ]
}