{
  "loss": 0.17232244276292558,
  "mse_hist_eh": 0.2015979508712822,
  "hunting_gap": 0.3757408313638315,
  "penalty": 0.0,
  "speed_tier": 0,
  "stepsPerYear": 30,
  "atol": 0.001,
  "rtol": 0.001,
  "params_log": [
    0.5289147308562235,
    -1.254259089722771,
    0.03789240886680162,
    -2.2768431063076915,
    -0.6840267610610671,
    -3.1226924983711175,
    -1.5176448649678624,
    0.42794255355064736,
    2.3298248887767437,
    -0.5601481299366058,
    0.17439892075328703,
    -0.27477517945381424,
    1.0162621523080986,
    1.517111912869893,
    -0.3925497950937028,
    0.11554222975072867
  ],
  "params_lin": [
    3.379984672544502,
    0.05568534443445948,
    1.0911699789773273,
    0.005286361929637552,
    0.20700137913972513,
    0.000753889165021745,
    0.030363730985068203,
    2.678813960360865,
    213.71002188000293,
    0.2753289446289729,
    1.4941662443132158,
    0.5311593374977678,
    10.38154886075666,
    32.89363832123562,
    0.40499550672608864,
    1.3047948375829137
  ]
}