{
  "loss": 0.0860410597775408,
  "mse_hist_eh": 0.08460766224177436,
  "hunting_gap": 0.213515182987989,
  "penalty": 0.0,
  "speed_tier": 0,
  "stepsPerYear": 30,
  "atol": 0.001,
  "rtol": 0.001,
  "params_log": [
    0.4594001303606233,
    -1.09327185270145,
    0.0017772898210010567,
    -2.0261549514271824,
    -0.710372034170718,
    -3.0654309951515373,
    -1.5509725397201526,
    0.2609056425808519,
    2.4494381192268713,
    -0.5593593977581255,
    0.2639892487827089,
    -0.22667427588286587,
    1.1058067994671397,
    1.5202962127174897,
    -0.38770111141172225,
    0.1507053571614131
  ],
  "params_lin": [
    2.8800506819372518,
    0.08067298883150659,
    1.0041007461916833,
    0.009415536007636257,
    0.19481749994513645,
    0.0008601397232329529,
    0.028120786314720175,
    1.8234994748650888,
    281.4738926384249,
    0.2758294301799983,
    1.8364928793159498,
    0.5933701898236046,
    12.758710976771095,
    33.13570481540116,
    0.40954241657483903,
    1.4148335742885785
  ]
}