{
  "loss": 0.08033723225010286,
  "mse_hist_eh": 0.0752433594631553,
  "hunting_gap": 0.19255082630911474,
  "penalty": 0.0,
  "speed_tier": 0,
  "stepsPerYear": 30,
  "atol": 0.001,
  "rtol": 0.001,
  "params_log": [
    0.5275610711111508,
    -1.2320226215226624,
    -0.05869871454555066,
    -2.144865125779263,
    -0.7948044369133569,
    -2.985624941750051,
    -1.547667814641908,
    0.29507217135959574,
    2.2442019609246913,
    -0.3501719690643808,
    0.1746496361709381,
    -0.21662671962351437,
    1.1421243716735783,
    1.5010257316766993,
    -0.3703285139832455,
    0.2754211109279875
  ],
  "params_lin": [
    3.36946594322168,
    0.058610763455566116,
    0.8735771896417156,
    0.007163658497978389,
    0.16039674956984182,
    0.0010336536873959037,
    0.028335585136809463,
    1.972750541936165,
    175.4696302447688,
    0.44650675234266485,
    1.4950290659251195,
    0.6072580496078733,
    13.871530198308859,
    31.697552634987595,
    0.4262569626698657,
    1.8854764438459146
  ]
}