{
  "loss": 0.10737655542239832,
  "mse_hist_eh": 0.11464769883135989,
  "hunting_gap": 0.2957343560652201,
  "penalty": 0.0,
  "speed_tier": 0,
  "stepsPerYear": 30,
  "atol": 0.001,
  "rtol": 0.001,
  "params_log": [
    0.4295251849767019,
    -1.1464213338972709,
    -0.03143482271511887,
    -1.9755543966377809,
    -0.9011651381770219,
    -2.978353811003551,
    -1.5007120059912706,
    0.3947857941886873,
    2.297339812169771,
    -0.4112715976800013,
    0.25470249684529267,
    -0.2262123104213199,
    1.1068164886812883,
    1.6327526889398343,
    -0.36955457864755625,
    0.21158119962425262
  ],
  "params_lin": [
    2.6885937515794667,
    0.07138034884903979,
    0.9301761016154807,
    0.010579024023672078,
    0.125555245574293,
    0.0010511052105848901,
    0.03157097497682827,
    2.4819086587253056,
    198.30780712912073,
    0.3879077016550047,
    1.7976390631628731,
    0.594001702282661,
    12.78840815241288,
    42.929189483341496,
    0.42701725196490814,
    1.6277256214973932
  ]
}