{
  "loss": 0.09122976813384787,
  "mse_hist_eh": 0.08659381736422421,
  "hunting_gap": 0.20752407801383116,
  "penalty": 0.0,
  "speed_tier": 0,
  "stepsPerYear": 30,
  "atol": 0.001,
  "rtol": 0.001,
  "params_log": [
    0.5582298011456914,
    -1.306486486050972,
    -0.01668271988777424,
    -2.2855071302564935,
    -0.8854141590588099,
    -2.9208676492066856,
    -1.40899760053572,
    0.23079256750672159,
    2.3610946185391,
    -0.5270948272961234,
    0.1730336447743396,
    -0.2887531326222503,
    1.2278253554546854,
    1.5141333060432125,
    -0.3911669853945289,
    0.1480277740032564
  ],
  "params_lin": [
    3.616011484626499,
    0.04937572822646714,
    0.9623150548158758,
    0.005181945842071416,
    0.1301924623455725,
    0.0011998649050245771,
    0.03899441411005391,
    1.7013456989078386,
    229.66489581741723,
    0.2971017245478772,
    1.4894764629172381,
    0.5143359340950878,
    16.897612846574276,
    32.6688093206822,
    0.40628708252563417,
    1.4061374465647614
  ]
}