{
  "loss": 1.7675542808875635,
  "mse_hist_eh": 1.8120882582253552,
  "hunting_gap": 1.8193901179574088,
  "penalty": 0.0,
  "speed_tier": 0,
  "stepsPerYear": 30,
  "atol": 0.001,
  "rtol": 0.001,
  "params_log": [
    0.45108478885352665,
    -2.404936876582484,
    -0.0965181840441745,
    -2.421697903150752,
    -1.3981124643779275,
    -3.2691645318247264,
    -2.478277941156823,
    0.23965021672025855,
    2.50909540706795,
    -0.3939410525256394,
    -0.31233048699936156,
    -0.8836542812449593,
    1.1385174869667392,
    0.8152530226131048,
    -0.7048350920944584,
    0.2906034043229886
  ],
  "params_lin": [
    2.8254315401023122,
    0.003936072809516359,
    0.8007221013229663,
    0.0037870592235861146,
    0.03998411939575116,
    0.000538065898425119,
    0.003324467248909711,
    1.7364017574279265,
    322.9203444549672,
    0.4037001841111896,
    0.48715763450825417,
    0.13072110753190921,
    13.756802012383796,
    6.535111813572009,
    0.19731718358113357,
    1.9525555768207312
  ]
}