{
  "loss": 1.2588132305512671,
  "mse_hist_eh": 1.246509966596252,
  "hunting_gap": 1.9903330148857998,
  "penalty": 0.0,
  "speed_tier": 0,
  "stepsPerYear": 30,
  "atol": 0.001,
  "rtol": 0.001,
  "params_log": [
    0.054520900869537314,
    -2.5531625411870427,
    0.21417835995870815,
    -2.0610165984571274,
    -0.8874072358701455,
    -2.859955438751301,
    -1.720261231708501,
    0.8852705254519946,
    2.046263635225247,
    0.33956866417739273,
    1.292630796202863,
    1.4032634424493877,
    -0.5473816784650218,
    0.09992171901785993
  ],
  "params_lin": [
    1.1337594001320879,
    0.00279793395513881,
    1.6374888819949802,
    0.008689272188095199,
    0.12959634822597668,
    0.0013805259076697914,
    0.019043149122848897,
    7.678396337795093,
    111.2406800611104,
    0.3333333333333333,
    2.1855898452635873,
    1.0,
    19.61691888062587,
    25.308327306502846,
    0.2835426027052894,
    1.2586985126725512
  ],
  "fixed_a3": 0.3333333333333333,
  "fixed_b4": 1.0
}