{
  "loss": 0.17356798163662712,
  "mse_hist_eh": 0.21204341494059464,
  "hunting_gap": 0.3327943715396485,
  "penalty": 0.0,
  "speed_tier": 0,
  "stepsPerYear": 30,
  "atol": 0.001,
  "rtol": 0.001,
  "params_log": [
    0.5018083578329222,
    -1.3628249260293455,
    0.09828490228889097,
    -2.258200863089408,
    -0.7441702235798464,
    -2.8420839208821813,
    -1.5004412999016128,
    0.2171249715992912,
    2.406078771110811,
    -0.7152160699021796,
    0.16995199067022554,
    -0.15985736037046228,
    1.1526660072474006,
    1.5324207604061117,
    -0.436550231775894,
    0.09089064206966838
  ],
  "params_lin": [
    3.175472513070402,
    0.04336856716990167,
    1.2539635199978525,
    0.005518221600989873,
    0.1802311178822808,
    0.0014385205789128914,
    0.031590660051580316,
    1.6486367312572352,
    254.7292231383173,
    0.19265661707925977,
    1.478944888329947,
    0.6920582331221611,
    14.212353703136026,
    34.073814944007545,
    0.3659736085270455,
    1.2327943691970187
  ]
}