{
  "loss": 215.781098160091,
  "mse_hist_eh": 31.713862642724973,
  "hunting_gap": 39.39819817520909,
  "penalty": 175.77742562487606,
  "speed_tier": 0,
  "stepsPerYear": 30,
  "atol": 0.001,
  "rtol": 0.001,
  "params_log": [
    0.1291579944469943,
    -3.701158204512307,
    -0.6299196185690807,
    -2.27556210157066,
    -1.1183040609113655,
    -1.336857274979001,
    -2.9526844420470297,
    1.4178320715903099,
    0.6371393186996006,
    -0.4025887710064795,
    0.3533471003174782,
    -1.9861213096374344,
    -0.30702555940931275,
    1.3918438326596427,
    -1.122803411492655,
    0.07081763971968327
  ],
  "params_lin": [
    1.3463500612808803,
    0.00019899483098584367,
    0.2344662737263501,
    0.005301977720281967,
    0.07615456453366251,
    0.04604078555504733,
    0.0011151044731434428,
    26.171708325290766,
    4.336499680207895,
    0.3957411659671277,
    2.2560415834442233,
    0.010324729691797095,
    0.49314478019174274,
    24.651527370415877,
    0.07536966561879066,
    1.1771116004992186
  ]
}