{
  "loss": 0.27741015356965787,
  "mse_hist_eh": 0.2935074115464269,
  "hunting_gap": 0.3051399552632488,
  "penalty": 0.0,
  "speed_tier": 0,
  "stepsPerYear": 30,
  "atol": 0.001,
  "rtol": 0.001,
  "params_log": [
    0.4718162686386105,
    -2.849325647477092,
    0.347957131162953,
    -2.0639603512583884,
    -0.8506771870380574,
    -1.606796908333485,
    -0.9375837227907198,
    0.8050506222953264,
    2.282608560881841,
    -0.3057907296010699,
    1.2400925215334986,
    1.0075477434005349,
    -0.4338739661154839,
    0.23063699047786118
  ],
  "params_lin": [
    2.9635773618542864,
    0.0014147325717671299,
    2.2282151931977396,
    0.008630573366459424,
    0.14103367182788326,
    0.024728802821269047,
    0.11545593886032143,
    6.383378878861635,
    191.69401816681815,
    0.3333333333333333,
    0.4945489343651295,
    1.0,
    17.381710870236915,
    10.17531220538513,
    0.3682358215519283,
    1.7007363361006411
  ],
  "fixed_a3": 0.3333333333333333,
  "fixed_b4": 1.0
}