{
  "loss": 0.10279720645398621,
  "mse_hist_eh": 0.10763186588870623,
  "hunting_gap": 0.22714102790740187,
  "penalty": 0.0,
  "speed_tier": 0,
  "stepsPerYear": 30,
  "atol": 0.001,
  "rtol": 0.001,
  "params_log": [
    0.4651737661761232,
    -1.0916583651636655,
    0.11781579110790046,
    -2.0220384441662778,
    -0.7853724061653019,
    -2.926924162190759,
    -1.4937516431417102,
    0.30535842404803265,
    2.3390561797390577,
    -0.5452383402148259,
    0.23065295264230595,
    -0.3295058993662284,
    1.2854934729247354,
    1.4939982011024513,
    -0.39733940006511614,
    0.18142765140486883
  ],
  "params_lin": [
    2.9185945433833345,
    0.08097326194344939,
    1.3116434387287974,
    0.009505206489277305,
    0.1639183575571054,
    0.0011832481600398575,
    0.03208103395026149,
    2.020032812782985,
    218.30122850566767,
    0.2849454061853018,
    1.700798846524105,
    0.4682675904805038,
    19.297163339827883,
    31.188766653223627,
    0.4005535636578832,
    1.5185449483838367
  ]
}