{
  "loss": 0.1313074763004316,
  "mse_hist_eh": 0.14753862194893566,
  "hunting_gap": 0.1045178436096966,
  "penalty": 0.0,
  "speed_tier": 0,
  "stepsPerYear": 30,
  "atol": 0.001,
  "rtol": 0.001,
  "params_log": [
    0.2655004687874589,
    -1.2415321762806646,
    0.07364168647855387,
    -2.2540029854617067,
    -0.7923648738572633,
    -2.8352307282147144,
    -1.2049927125571325,
    0.5602175601193387,
    2.172535761073232,
    -0.38115874455068954,
    0.28774074120374177,
    -0.39345679497346286,
    1.2205723381600706,
    1.8179160453339716,
    -0.38034970971765103,
    0.022524758093180233
  ],
  "params_lin": [
    1.842894478232194,
    0.05734133815636155,
    1.1847908362436848,
    0.005571819186944556,
    0.16130028180669095,
    0.001461400567931282,
    0.06237453018141452,
    3.63259984536414,
    148.77698763430138,
    0.4157586134490347,
    1.9397275815676038,
    0.40415057872671434,
    16.617754479596087,
    65.75307159895989,
    0.4165338401898747,
    1.0532337277625268
  ]
}