{
  "loss": 0.07853724114863436,
  "g_std": 0.057625883560304896,
  "r2_eh": 0.7226413539090988,
  "r2_0": 0.14807563940390223,
  "hunting_r2_gain": 0.5745657145051966,
  "crash_mse_eh": 0.008296675591483569,
  "crash_mse_0": 0.6119316488698681,
  "crash_mse_ratio_0_over_eh": 73.75624634814598,
  "hunt_explains_crash_window": true,
  "narr_g4": 0.5714103559133016,
  "narr_g65": 0.13085386503490964,
  "narr_g_hunt_min": 0.13417177630507596,
  "narr_g_post_mean": 0.44551667683089113,
  "narr_decline_rel": 0.765191905113765,
  "narr_recovery_rel": 2.404688690757021,
  "narr_decline_ok": true,
  "narr_recovery_ok": true,
  "mega": 17,
  "params_lin": [
    3.443061790553446,
    0.03280592190629625,
    1.3482685651585986,
    0.004864637673940089,
    0.19686969489586142,
    0.0011993456872041353,
    0.030399396784654156,
    1.614074279323853,
    136.53112852871655,
    0.4132325816799705,
    1.2859845546429869,
    0.7259171506709997,
    14.013989594430834,
    29.140851092090333,
    0.4244661476981984,
    1.5602259282705775
  ]
}