{
  "loss": 0.08463676700841394,
  "mse_hist_eh": 0.0819428879207394,
  "hunting_gap": 0.2131181755335778,
  "penalty": 0.0,
  "speed_tier": 0,
  "stepsPerYear": 30,
  "atol": 0.001,
  "rtol": 0.001,
  "params_log": [
    0.6079240003061476,
    -1.5137037296945288,
    -0.01806727989133171,
    -2.1584705683494994,
    -0.7354865633187089,
    -2.9516504807778343,
    -1.4931274528294074,
    0.23755773944805209,
    2.244739370536625,
    -0.43157325542606173,
    0.15196720352483237,
    -0.42370631116433566,
    1.0862600473405069,
    1.4973054492356521,
    -0.387642744177066,
    0.36307987991864726
  ],
  "params_lin": [
    4.054375793818567,
    0.030640529797929018,
    0.9592520149128265,
    0.006942716501318322,
    0.1838710841046336,
    0.0011177624586030737,
    0.03212717560891488,
    1.7280557102297196,
    175.6868962663548,
    0.37019175735323506,
    1.4189503632298468,
    0.37695862864631857,
    12.197197254652147,
    31.427182623511428,
    0.4095974609414699,
    2.307171508466802
  ]
}