{
  "loss": 0.13729093884582425,
  "mse_hist_eh": 0.14600395384138834,
  "hunting_gap": 0.3674747238691253,
  "penalty": 0.0,
  "speed_tier": 0,
  "stepsPerYear": 30,
  "atol": 0.001,
  "rtol": 0.001,
  "params_log": [
    0.8315622490122964,
    -3.6191246586683743,
    0.222487715194581,
    -2.308351637956028,
    -0.5789538428870808,
    -0.5745195216664354,
    -1.0221377651387191,
    0.5347754673228573,
    2.725658589832509,
    0.22529355716759547,
    0.8421580079626994,
    1.1503441928919718,
    -0.5460784697466028,
    0.3147067031612663
  ],
  "params_lin": [
    6.7851936818478364,
    0.00024036727575001149,
    1.6691205924465045,
    0.004916413041641007,
    0.26366115918081257,
    0.26636703612990914,
    0.0950303294471777,
    3.4259061948505183,
    531.690119526238,
    0.3333333333333333,
    1.6799391731169768,
    1.0,
    6.952772320536672,
    14.136574715680835,
    0.28439472073450817,
    2.063985790946832
  ],
  "fixed_a3": 0.3333333333333333,
  "fixed_b4": 1.0
}