{
  "loss": 0.08697017620647236,
  "mse_hist_eh": 0.0872718537198604,
  "hunting_gap": 0.22844333648592757,
  "penalty": 0.0,
  "speed_tier": 0,
  "stepsPerYear": 30,
  "atol": 0.001,
  "rtol": 0.001,
  "params_log": [
    0.3512523775787569,
    -1.2201886777829851,
    0.18909868328747687,
    -2.173402031354933,
    -0.7914628763938938,
    -3.0016444956338173,
    -1.4899625048511083,
    0.30868376598602404,
    2.206889966377889,
    -0.4921837135048922,
    0.08160925814899977,
    -0.3700127002569569,
    1.1554039967764613,
    1.5227484798254503,
    -0.37539698001842847,
    0.10440471598993506
  ],
  "params_lin": [
    2.245186269309561,
    0.06022978629369594,
    1.545605602449148,
    0.006708075911782049,
    0.161635638676898,
    0.0009962205689639757,
    0.03236215958435034,
    2.035559333751523,
    161.02376108274828,
    0.3219706515871748,
    1.2067276339476531,
    0.42656704433895903,
    14.302237869080885,
    33.323336589504564,
    0.42131121509281333,
    1.2717586962002296
  ]
}