{
  "loss": 0.08291241692239333,
  "g_std": 0.08808605784771822,
  "r2_eh": 0.7153116556333894,
  "r2_0": 0.2746509243137413,
  "hunting_r2_gain": 0.4406607313196481,
  "crash_mse_eh": 0.022240881551356326,
  "crash_mse_0": 0.4799070869687407,
  "crash_mse_ratio_0_over_eh": 21.577700768695323,
  "hunt_explains_crash_window": true,
  "narr_g4": 0.5435237953542617,
  "narr_g65": 0.09310262099014191,
  "narr_g_hunt_min": 0.09549103186968616,
  "narr_g_post_mean": 0.4364439750799922,
  "narr_decline_rel": 0.8243112196555119,
  "narr_recovery_rel": 3.6877731985486375,
  "narr_decline_ok": true,
  "narr_recovery_ok": true,
  "mega": 24,
  "params_lin": [
    4.856105872871036,
    0.0004359713635480444,
    2.6797421863950124,
    0.0379418712601799,
    0.2836731223332303,
    0.001851829095452907,
    0.027493354429847246,
    1.424062757225122,
    299.81234784727616,
    0.3333333333333333,
    0.15624346475306097,
    1.0,
    10.027287927863627,
    5.710431882715614,
    0.38526118649484986,
    1.896529980795783
  ],
  "fixed_a3": 0.3333333333333333,
  "fixed_b4": 1.0
}