{
  "loss": 62.57676529789802,
  "mse_hist_eh": 0.7762000411919961,
  "hunting_gap": 0.4605832726869862,
  "penalty": 61.86679153988387,
  "speed_tier": 0,
  "stepsPerYear": 30,
  "atol": 0.001,
  "rtol": 0.001,
  "params_log": [
    -0.1172251182867356,
    -2.035933301435096,
    0.33112096213433473,
    -2.7904134366902964,
    -0.9168233711289848,
    -2.836193474360591,
    -2.8302118164460626,
    1.4842258947113365,
    2.1381458894816676,
    -0.5110616869293153,
    -0.628658447467875,
    0.0056031461443640795,
    0.32027160650904396,
    1.2860103745665503,
    -0.10480173792797626,
    -0.21564874815436716
  ],
  "params_lin": [
    0.7634399488355031,
    0.009205909444452454,
    2.1434875341528987,
    0.001620266912327579,
    0.1211090587584199,
    0.0014581645161296072,
    0.0014783871653446666,
    30.49480739570243,
    137.45036247753268,
    0.30827500471713515,
    0.23514814252615734,
    1.0129853070676418,
    2.090603179262527,
    19.320144690499706,
    0.7855941885211842,
    0.6086270520777136
  ]
}