{
  "loss": 124.02215669638548,
  "mse_hist_eh": 7.279656766292287,
  "hunting_gap": 7.200959461805799,
  "penalty": 118.28082382385512,
  "speed_tier": 0,
  "stepsPerYear": 30,
  "atol": 0.001,
  "rtol": 0.001,
  "params_log": [
    -1.0744744111762436,
    -2.9593829490036487,
    0.4029337576023979,
    -1.8352294850679893,
    -0.9746482746143141,
    -3.6293422518177954,
    -3.4686163762473066,
    1.1652666390571886,
    0.962596439304257,
    -1.1493866640255652,
    -0.8918966949962475,
    -1.5650756222425295,
    1.272900065407157,
    1.9134959685236086,
    -0.7666419986106536,
    0.34683871843206376
  ],
  "params_lin": [
    0.08424140253846761,
    0.0010980371932478668,
    2.528912235186641,
    0.01461404751124958,
    0.10601119385507043,
    0.00023477818893867026,
    0.0003399254050754199,
    14.630751671027138,
    9.174796480301568,
    0.0708946292996062,
    0.12826356450682466,
    0.027222272544985646,
    18.74563106647957,
    81.94000168042061,
    0.17114255108801757,
    2.222484385500846
  ]
}