{
  "loss": 0.12081627200678272,
  "mse_hist_eh": 0.12527704039214035,
  "hunting_gap": 0.17351763108336934,
  "penalty": 0.0,
  "speed_tier": 0,
  "stepsPerYear": 30,
  "atol": 0.001,
  "rtol": 0.001,
  "params_log": [
    0.4369272194115177,
    -1.3244797663769734,
    0.17587672718052183,
    -2.24321974051185,
    -0.6469675632007421,
    -3.106098000251839,
    -1.4289378620572268,
    0.1995878694821433,
    2.437165799661851,
    -0.598173414990306,
    0.12924872931092976,
    -0.09464735046960418,
    1.0741715157577607,
    1.6263530693830426,
    -0.4157888070959598,
    0.12330469826236368
  ],
  "params_lin": [
    2.7348103788121287,
    0.0473718378028621,
    1.4992592161339207,
    0.005711895580638121,
    0.22544075841639133,
    0.0007832528787415633,
    0.037244499109000226,
    1.5833898967634947,
    273.631316326581,
    0.2522473340762618,
    1.3466313765100988,
    0.8041788548332024,
    11.862371358606223,
    42.3012371854079,
    0.3838938837241516,
    1.328326076058425
  ]
}