{
  "loss": 0.08161030665344496,
  "mse_hist_eh": 0.0751020825172689,
  "hunting_gap": 0.3293668101053379,
  "penalty": 0.0,
  "speed_tier": 0,
  "stepsPerYear": 30,
  "atol": 0.001,
  "rtol": 0.001,
  "params_log": [
    0.32514428097110815,
    -3.4457076327633254,
    0.26365267738431253,
    -0.5165028211357401,
    -0.49269067094376395,
    -1.371446609504614,
    -1.4844531556420841,
    0.27794987054739384,
    2.425022179125693,
    -1.2994521010606301,
    -0.8751073540164618,
    -0.9149617148739392,
    0.6564655830655612,
    0.6701919248526065,
    -0.42928583890344996,
    0.028412557792598298
  ],
  "params_lin": [
    2.114191298148122,
    0.0003583375889446149,
    1.8350701775525218,
    0.3044368214031301,
    0.3215950304516782,
    0.04251609712486247,
    0.03277531273736093,
    1.8964870021451787,
    266.08609446992324,
    0.0501819922398346,
    0.13331918373944399,
    0.12162932179578292,
    4.533833666664449,
    4.679418900266855,
    0.37214669044148146,
    1.067609815003123
  ]
}