{
  "loss": 0.10987627295102234,
  "mse_hist_eh": 0.09731763651656505,
  "hunting_gap": 0.09725750379246681,
  "penalty": 0.0,
  "speed_tier": 0,
  "stepsPerYear": 30,
  "atol": 0.001,
  "rtol": 0.001,
  "params_log": [
    0.30639965646361245,
    -1.410260058428161,
    0.08660099118118883,
    -2.2048406478345397,
    -0.688483918751071,
    -2.8585719831798224,
    -1.4221206462536937,
    0.25507275826722164,
    2.3225645153603875,
    -0.5200710172712802,
    0.14812387728709728,
    -0.27244911967953855,
    1.0884262067526578,
    1.6299298877303554,
    -0.37957346630346067,
    -0.051886372033595904
  ],
  "params_lin": [
    2.0248817048044265,
    0.03888122519063459,
    1.2206776450845553,
    0.0062396373945865285,
    0.20488779153141828,
    0.0013849306182551336,
    0.03783374686247606,
    1.7991723089993898,
    210.166995335835,
    0.3019457928274429,
    1.406448639510006,
    0.5340118327425887,
    12.258185997306054,
    42.65106575900867,
    0.41727900457034905,
    0.8873881561848258
  ]
}