{
  "loss": 0.08887295229240721,
  "mse_hist_eh": 0.09306081414315902,
  "hunting_gap": 0.24298766118826792,
  "penalty": 0.0,
  "speed_tier": 0,
  "stepsPerYear": 30,
  "atol": 0.001,
  "rtol": 0.001,
  "params_log": [
    0.3356769220533502,
    -1.3537628010615748,
    0.1298067513087178,
    -2.2047930435639373,
    -0.895230197519401,
    -3.0677305377729023,
    -1.5498790139256164,
    0.456991468013342,
    2.4052954105768527,
    -0.4860009133419545,
    0.007853706753850664,
    -0.2667522720071876,
    1.1720057035022944,
    1.5093279345690669,
    -0.36554564590315564,
    0.042453671408551455
  ],
  "params_lin": [
    2.166092118047292,
    0.044283016720596244,
    1.348362766006395,
    0.006240321376721481,
    0.12728282403676813,
    0.0008555974119486983,
    0.028191681878162227,
    2.8641217018921257,
    254.27016834530784,
    0.32658714534331146,
    1.0182483306311803,
    0.5410628651957231,
    14.859551569098008,
    32.30932869376215,
    0.430977258373361,
    1.102690597477853
  ]
}