{
  "loss": 3.409945078149491,
  "mse_hist_eh": 4.042332047648945,
  "hunting_gap": 0.5957468574788791,
  "penalty": 0.0,
  "speed_tier": 0,
  "stepsPerYear": 30,
  "atol": 0.001,
  "rtol": 0.001,
  "params_log": [
    0.34224440300328357,
    -3.1924425571243624,
    -0.25624260627789675,
    -0.6509517638075859,
    -1.0032988075855995,
    -1.3387720136909325,
    -0.8172233950561592,
    0.6515742829148057,
    2.7497054811435864,
    -0.3939160671256341,
    -0.6512700629720269,
    -1.6046946623378737,
    0.5989966940292745,
    1.9019995461588626,
    -1.1292454964607646,
    0.029382225435440307
  ],
  "params_lin": [
    2.1990970856695986,
    0.0006420331357590708,
    0.5543159735769273,
    0.22338203148680724,
    0.09924329899024074,
    0.04583824550451901,
    0.15232690037975455,
    4.483057228750085,
    561.9601000411348,
    0.40372341005845475,
    0.22321837233968794,
    0.024848795254814343,
    3.971885259480928,
    79.79938533577098,
    0.07425992453346084,
    1.0699961756265526
  ]
}