{
  "loss": 0.08029990332011906,
  "mse_hist_eh": 0.07359792035305944,
  "hunting_gap": 0.1312152257529104,
  "penalty": 0.0,
  "speed_tier": 0,
  "stepsPerYear": 30,
  "atol": 0.001,
  "rtol": 0.001,
  "params_log": [
    0.5208212848473147,
    -1.4753051808131623,
    0.020229987488848904,
    -1.9993344125762484,
    -0.8027710892365991,
    -2.8459312603492046,
    -1.50053062075784,
    0.20665250187699244,
    2.267571828889705,
    -0.42635260871856684,
    0.08563938550587354,
    -0.4298710848759125,
    1.2309256467660235,
    1.4945503368650073,
    -0.38317669380524233,
    0.21563338417826733
  ],
  "params_lin": [
    3.317579088083221,
    0.03347301400214912,
    1.0476832183340579,
    0.010015337466681663,
    0.1574812708283835,
    0.001425833255055371,
    0.031584163504252125,
    1.609357402195245,
    185.17051263366199,
    0.37466868088087335,
    1.2179778364399247,
    0.37164553125760663,
    17.01867115890978,
    31.228443382555795,
    0.41383127226775746,
    1.6429841893319836
  ]
}