{
  "loss": 116.8448985178673,
  "mse_hist_eh": 5.3559604780502115,
  "hunting_gap": 6.192532561365479,
  "penalty": 110.72240674013204,
  "speed_tier": 0,
  "stepsPerYear": 30,
  "atol": 0.001,
  "rtol": 0.001,
  "params_log": [
    -0.4018693178002414,
    -1.0515998283519066,
    -0.19703092062845823,
    -0.8403202436864378,
    -0.5575014788677075,
    -1.8922365628089755,
    -2.8018802087951555,
    0.483962422037424,
    2.6873374530222227,
    -0.7892287658061834,
    0.04103533107131546,
    -0.7696693453597929,
    0.5655702989559046,
    1.7407240438647569,
    -0.8701302320653393,
    0.37694990787247445
  ],
  "params_lin": [
    0.3963972949866421,
    0.0887973840283453,
    0.635285699565365,
    0.14443743131912165,
    0.27701196062844835,
    0.012816322796990366,
    0.00157804648135576,
    3.0476312774840943,
    486.7852979177146,
    0.16246927189769958,
    1.099095250269582,
    0.16995371203406576,
    3.6776491842062247,
    55.04578174896799,
    0.13485584291807365,
    2.3820447051750673
  ]
}