{
  "loss": 0.12925447043582355,
  "mse_hist_eh": 0.13554576780666952,
  "hunting_gap": 0.3410757619485577,
  "penalty": 0.0,
  "speed_tier": 0,
  "stepsPerYear": 30,
  "atol": 0.001,
  "rtol": 0.001,
  "params_log": [
    0.5066998269439336,
    -1.136404750916574,
    0.08821138791429295,
    -2.212972402378445,
    -0.9368003215106153,
    -2.9520850854075045,
    -1.3684568151693344,
    0.3275583399632087,
    2.4947460429774946,
    -0.547925953628705,
    0.2615864105749138,
    -0.135043087575612,
    1.1818752759571427,
    1.7162713550249185,
    -0.3851544224867877,
    0.23556211756110657
  ],
  "params_lin": [
    3.2114401074581824,
    0.07304579987120102,
    1.2252124124014692,
    0.006123893053007674,
    0.11566439178954169,
    0.001116644457396881,
    0.04280979861411112,
    2.125975914183686,
    312.42519026501293,
    0.28318747838281993,
    1.8263600995977047,
    0.7327518311647925,
    15.201109098504466,
    52.03210009341589,
    0.4119510152527387,
    1.7201333559867673
  ]
}