{
  "loss": 0.18073488455392672,
  "mse_hist_eh": 0.21750338741604178,
  "hunting_gap": 0.3502317344598729,
  "penalty": 0.0,
  "speed_tier": 0,
  "stepsPerYear": 30,
  "atol": 0.001,
  "rtol": 0.001,
  "params_log": [
    0.4676541055778346,
    -1.3023845780203547,
    0.1726871637983366,
    -2.042070872144744,
    -0.9488031165298569,
    -2.905198989788673,
    -1.3101109758592266,
    0.30717659841320993,
    2.185130176175461,
    -0.3625340511677051,
    0.04335154844500623,
    -0.0969947098016618,
    1.031322447514636,
    1.5020799475232576,
    -0.4792164473204691,
    0.00627825446104846
  ],
  "params_lin": [
    2.935310888438407,
    0.04984429090072599,
    1.488288629610767,
    0.009076723958102535,
    0.11251149190275402,
    0.0012439445170912258,
    0.048965368151006064,
    2.0285074096341718,
    153.15464612601428,
    0.43397623609536795,
    1.10497270047018,
    0.7998439979528728,
    10.747871056631514,
    31.774589424430868,
    0.3317290864266732,
    1.0145612115501779
  ]
}