{
  "loss": 0.14241325970556495,
  "mse_hist_eh": 0.1584566636371071,
  "hunting_gap": 0.06695213544622478,
  "penalty": 0.0,
  "speed_tier": 0,
  "stepsPerYear": 30,
  "atol": 0.001,
  "rtol": 0.001,
  "params_log": [
    0.464670169322126,
    -1.2223806836831084,
    0.14596025173344324,
    -2.23243036566832,
    -0.6399360729075331,
    -2.9668775985885505,
    -1.506865508176487,
    0.19122369959740465,
    2.2196642683430445,
    -0.37317753324651953,
    0.1091470287418433,
    -0.4663423780321783,
    1.1616362265498354,
    1.453230910458919,
    -0.3972619569215001,
    -0.01745305768038566
  ],
  "params_lin": [
    2.9152121766894403,
    0.05992655558025208,
    1.3994592329316586,
    0.005855576165015489,
    0.22912048877392774,
    0.0010792508550693043,
    0.031126801191224355,
    1.5531868308532217,
    165.83044583658113,
    0.42346982237897846,
    1.2857218625083102,
    0.34170994770583646,
    14.508958100998694,
    28.3942832559672,
    0.4006249965089993,
    0.9606096438090103
  ]
}