{
  "loss": 5.8239902985011085,
  "mse_hist_eh": 1.2730055962649895,
  "hunting_gap": 1.552326593342017,
  "penalty": 4.596539991910619,
  "speed_tier": 0,
  "stepsPerYear": 30,
  "atol": 0.001,
  "rtol": 0.001,
  "params_log": [
    0.14134865738309849,
    -2.2566574557117596,
    0.5568481954372415,
    -2.8747067738035086,
    -1.2876402749065785,
    -1.8973800622683294,
    -2.540713913224935,
    1.1602897577563802,
    2.743587524812054,
    -0.9141134935464379,
    -1.6824891601659808,
    -0.22345550436940131,
    1.4384662976679212,
    1.3752357596408227,
    -0.4906924366516128,
    0.3416376919003708
  ],
  "params_lin": [
    1.3846775704323648,
    0.005537867292932115,
    3.6045262733392587,
    0.0013344221008772114,
    0.0515655584042997,
    0.012665429963851744,
    0.0028792944941453927,
    14.464044782257778,
    554.0992021427659,
    0.12186710837630993,
    0.020773555749732563,
    0.5977842875259933,
    27.4451935368569,
    23.726613710878617,
    0.3230781321277853,
    2.196027083275583
  ]
}