{
  "loss": 0.12212990286514941,
  "mse_hist_eh": 0.13363808475902797,
  "hunting_gap": 0.13170006219685051,
  "penalty": 0.0,
  "speed_tier": 0,
  "stepsPerYear": 30,
  "atol": 0.001,
  "rtol": 0.001,
  "params_log": [
    0.5836920729836625,
    -1.5780992817791564,
    0.0874198021993465,
    -2.0368221607255608,
    -0.7749496325523609,
    -3.171499504981183,
    -1.3012409877601065,
    0.25886968486483236,
    2.061779359602532,
    -0.3682816594585339,
    -0.008909153439085937,
    -0.2634793088677388,
    1.1594053183204776,
    1.4814728636626224,
    -0.3908377806654124,
    -0.10590673135087417
  ],
  "params_lin": [
    3.8343528267700964,
    0.02641804759183659,
    1.222981259713032,
    0.009187087215601866,
    0.16789987292700873,
    0.0006737526634288929,
    0.0499757145369837,
    1.8149709778030803,
    115.28674024655285,
    0.4282706775592788,
    0.9796948984523376,
    0.5451558679817607,
    14.434618770734842,
    30.30210953002263,
    0.4065951737878196,
    0.7835979094014812
  ]
}