{
  "loss": 0.0872341585505841,
  "mse_hist_eh": 0.08345575017969865,
  "hunting_gap": 0.3862551988019715,
  "penalty": 0.0,
  "speed_tier": 0,
  "stepsPerYear": 30,
  "atol": 0.001,
  "rtol": 0.001,
  "params_log": [
    0.3830239047438393,
    -2.6787432794842188,
    0.13490591521250656,
    -1.8468912687916061,
    -0.6119654400878876,
    -1.1334623756707947,
    -1.9715101947408344,
    0.28486570477196316,
    2.2446827274139283,
    -0.2864097761651,
    -0.23116172669751806,
    -0.5549740246957724,
    0.6850015891102996,
    1.1558608611326593,
    -0.45593485544111406,
    0.2863095202892984
  ],
  "params_lin": [
    2.415593791606604,
    0.002095350695288078,
    1.3642875477337515,
    0.014226849300058573,
    0.2443625001642088,
    0.07354237048389793,
    0.01067799726438334,
    1.9269289641519083,
    175.6639836899763,
    0.5171186772107697,
    0.5872706184032835,
    0.27862878124907375,
    4.841741392039007,
    14.317291297234243,
    0.3499976630520526,
    1.9333457154375422
  ]
}