{
  "loss": 0.1038183811457784,
  "mse_hist_eh": 0.09806087836163119,
  "hunting_gap": 0.0851586756114728,
  "penalty": 0.0,
  "speed_tier": 0,
  "stepsPerYear": 30,
  "atol": 0.001,
  "rtol": 0.001,
  "params_log": [
    0.3534490660419688,
    -1.4632613879518583,
    0.003483056680781055,
    -2.1089774284886893,
    -0.7986220950432017,
    -3.0809691145013085,
    -1.3355599260866642,
    0.43537783978397726,
    2.3249580970682207,
    -0.4039401245066211,
    0.0798023790275678,
    -0.331122108201344,
    1.1572413646463973,
    1.514692967294881,
    -0.3719239945615366,
    -0.07180012628436089
  ],
  "params_lin": [
    2.2565713298053964,
    0.034414273991574006,
    1.0080522810157382,
    0.007780769888485053,
    0.15899296373467448,
    0.0008299097856858575,
    0.04617852680984601,
    2.7250711114142137,
    211.32851295443118,
    0.3945116890287128,
    1.2017174817368008,
    0.4665281906954814,
    14.36287446478591,
    32.71093569620723,
    0.4246938826901947,
    0.8476174201648505
  ]
}