{
  "loss": 0.08291241692239333,
  "mse_hist_eh": 0.07464606061331845,
  "hunting_gap": 0.11554244601470796,
  "penalty": 0.0,
  "speed_tier": 0,
  "stepsPerYear": 30,
  "atol": 0.001,
  "rtol": 0.001,
  "params_log": [
    0.686288146663256,
    -3.360542036101833,
    0.42809301327807425,
    -1.420881253892013,
    -0.5471818111034765,
    -2.732399096664144,
    -1.5607722691962853,
    0.1535291287081455,
    2.4768495154085377,
    -0.806198138982545,
    1.0011834856392203,
    0.7566689553889747,
    -0.41424474219435214,
    0.2779597125232573
  ],
  "params_lin": [
    4.856105872871036,
    0.0004359713635480444,
    2.6797421863950124,
    0.0379418712601799,
    0.2836731223332303,
    0.001851829095452907,
    0.027493354429847246,
    1.424062757225122,
    299.81234784727616,
    0.3333333333333333,
    0.15624346475306097,
    1.0,
    10.027287927863627,
    5.710431882715614,
    0.38526118649484986,
    1.896529980795783
  ],
  "fixed_a3": 0.3333333333333333,
  "fixed_b4": 1.0
}