{
  "loss": 0.08382762862165946,
  "mse_hist_eh": 0.07927723722006803,
  "hunting_gap": 0.17605772436077294,
  "penalty": 0.0,
  "speed_tier": 0,
  "stepsPerYear": 30,
  "atol": 0.001,
  "rtol": 0.001,
  "params_log": [
    0.6633512825732695,
    -1.5299027083765937,
    -0.04710796031031503,
    -1.9777546781986712,
    -0.8113465617632577,
    -3.1933369045843953,
    -1.489193684660806,
    0.20909412017894888,
    2.332005716133187,
    -0.3585232468661966,
    0.06686347837910014,
    -0.302225061766646,
    1.0939544679206339,
    1.466961619406205,
    -0.39931888890045397,
    0.30886597941767674
  ],
  "params_lin": [
    4.606290064029394,
    0.029518704372333247,
    0.8972057323764303,
    0.010525562679374137,
    0.15440218369825673,
    0.0006407123501981041,
    0.032419500210446116,
    1.6184307454986573,
    214.7858743810121,
    0.4380026651854446,
    1.166442885011395,
    0.498626020588431,
    12.415221377416156,
    29.306342402264644,
    0.39873201835549693,
    2.0364135561442747
  ]
}