{
  "loss": 0.1277827087618958,
  "g_std": 0.0436076573148613,
  "r2_eh": 0.4994609941339514,
  "r2_0": -0.8784200077516087,
  "hunting_r2_gain": 1.37788100188556,
  "crash_mse_eh": 0.006086626969486579,
  "crash_mse_0": 1.4644397209311246,
  "crash_mse_ratio_0_over_eh": 240.59955177671318,
  "hunt_explains_crash_window": true,
  "narr_g4": 0.3679419101762727,
  "narr_g65": 0.055188526111836056,
  "narr_g_hunt_min": 0.05657476731938872,
  "narr_g_post_mean": 0.2520112215752849,
  "narr_decline_rel": 0.8462399454888817,
  "narr_recovery_rel": 3.5663697830637897,
  "narr_decline_ok": true,
  "narr_recovery_ok": true,
  "mega": 1,
  "params_lin": [
    2.832820507984816,
    0.005359256749225792,
    2.581349783419352,
    0.060929036173330016,
    0.2293146363479737,
    0.07925080762614824,
    0.023145246717306143,
    1.6475848776155049,
    496.5727379039207,
    0.3819696154555499,
    0.5319917241173004,
    1.2154895827035508,
    7.289903668257331,
    117.11473707339636,
    0.22157679307671446,
    1.4159628037119314
  ]
}