{
  "loss": 0.09407279859932653,
  "mse_hist_eh": 0.08887294434988093,
  "hunting_gap": 0.11866618140405406,
  "penalty": 0.0,
  "speed_tier": 0,
  "stepsPerYear": 30,
  "atol": 0.001,
  "rtol": 0.001,
  "params_log": [
    0.5262125275119686,
    -1.590586506253011,
    0.10872853992985318,
    -1.9767038495486888,
    -0.7999780991677341,
    -3.1561782296079923,
    -1.432680190227869,
    0.30677273270438443,
    2.499463034709093,
    -0.5112939298580305,
    0.019376720119016533,
    -0.4683983856473917,
    1.2055980717892156,
    1.530429220864135,
    -0.3812782498610329,
    0.32951444033918453
  ],
  "params_lin": [
    3.3590195190902374,
    0.025669268561314483,
    1.284483529806892,
    0.010551061402645603,
    0.15849731183101118,
    0.0006979459160816225,
    0.03692494097610408,
    2.026621906104079,
    315.8370210003356,
    0.30811019592175937,
    1.0456268341723787,
    0.340096070709599,
    16.054547587756787,
    33.91792073111632,
    0.4156442244138611,
    2.1355730929066445
  ]
}