{
  "loss": 0.08161030665344496,
  "g_std": 0.03918204754002029,
  "r2_eh": 0.7135724597566897,
  "r2_0": -0.5425807931782747,
  "hunting_r2_gain": 1.2561532529349644,
  "crash_mse_eh": 0.009908432537830698,
  "crash_mse_0": 1.2845733869837344,
  "crash_mse_ratio_0_over_eh": 129.6444601050216,
  "hunt_explains_crash_window": true,
  "narr_g4": 0.5145740939778995,
  "narr_g65": 0.1465553666980264,
  "narr_g_hunt_min": 0.14944989145566273,
  "narr_g_post_mean": 0.3442267288804628,
  "narr_decline_rel": 0.7095658450080324,
  "narr_recovery_rel": 1.3487828203586045,
  "narr_decline_ok": true,
  "narr_recovery_ok": true,
  "mega": 10,
  "params_lin": [
    2.114191298148122,
    0.0003583375889446149,
    1.8350701775525218,
    0.3044368214031301,
    0.3215950304516782,
    0.04251609712486247,
    0.03277531273736093,
    1.8964870021451787,
    266.08609446992324,
    0.0501819922398346,
    0.13331918373944399,
    0.12162932179578292,
    4.533833666664449,
    4.679418900266855,
    0.37214669044148146,
    1.067609815003123
  ]
}