{
  "loss": 967.1515636787153,
  "mse_hist_eh": 65.8199303363356,
  "hunting_gap": 84.43616805301352,
  "penalty": 893.1540910671033,
  "speed_tier": 0,
  "stepsPerYear": 30,
  "atol": 0.001,
  "rtol": 0.001,
  "params_log": [
    -0.48021726694913824,
    -0.6346111793963847,
    0.47247525144161995,
    -0.6213535507956265,
    -0.7068243667268588,
    -3.8322001027285637,
    -3.061226641335593,
    1.354238914145338,
    1.497396359333007,
    -0.7231965649988963,
    0.6163634107703051,
    1.4405180542376244,
    -1.17871053584223,
    0.03776278669148814
  ],
  "params_lin": [
    0.3309655060795649,
    0.23194703251073429,
    2.968077600778176,
    0.2391368196862768,
    0.19641544410317155,
    0.0001471634285463439,
    0.0008685070710670503,
    22.606790733165013,
    31.433761908771217,
    0.3333333333333333,
    0.1891487323270274,
    1.0,
    4.133932782727955,
    27.575160838185656,
    0.06626580286260172,
    1.0908443503386764
  ],
  "fixed_a3": 0.3333333333333333,
  "fixed_b4": 1.0
}