{
  "loss": 0.11351374533073708,
  "mse_hist_eh": 0.12741899292747796,
  "hunting_gap": 0.19168193233575656,
  "penalty": 0.0,
  "speed_tier": 0,
  "stepsPerYear": 30,
  "atol": 0.001,
  "rtol": 0.001,
  "params_log": [
    0.42780366765335204,
    -1.1820861034742975,
    0.09578725014498861,
    -1.9566785269250766,
    -0.9588723512477563,
    -2.9632724729825712,
    -1.5157043608273268,
    0.23661103237420317,
    2.3174184043916397,
    -0.5473889539816429,
    -0.02488982093075079,
    -0.3039920927966078,
    1.2743380102324087,
    1.5123204570822417,
    -0.3869740611092667,
    0.03839128915068002
  ],
  "params_lin": [
    2.6779574217394115,
    0.0657527462658039,
    1.2467726023344603,
    0.01104896182546013,
    0.109932890902853,
    0.0010882471213242042,
    0.030499705028048232,
    1.7242928699632398,
    207.69134766826903,
    0.28353785269872633,
    0.9443004117816287,
    0.49660136299334173,
    18.807800533924695,
    32.53272612244052,
    0.41022860377491427,
    1.0924241417406413
  ]
}