{
  "loss": 125.76634349670664,
  "mse_hist_eh": 10.947121451264616,
  "hunting_gap": 33.08338576736003,
  "penalty": 104.10811987412121,
  "speed_tier": 0,
  "stepsPerYear": 30,
  "atol": 0.001,
  "rtol": 0.001,
  "params_log": [
    -0.2534114322143445,
    -2.0923842924103786,
    -0.7656582088875235,
    -2.50142113596097,
    -1.147310079125063,
    -1.990310087483321,
    -1.9059925829405582,
    0.6257475310193872,
    0.13242948873564941,
    -1.5897887418577956,
    0.40112417082099006,
    0.015742029677511926,
    0.40081829171646266,
    1.7121496682075654,
    -1.1901126769335961,
    -0.08956200773213306
  ],
  "params_lin": [
    0.5579413742374584,
    0.008083802744089907,
    0.17153067281873421,
    0.003151946693897811,
    0.0712344246427673,
    0.010225626189773657,
    0.012416735132213029,
    4.224229751716338,
    1.3565302686257876,
    0.025716464298629695,
    2.5183968694571317,
    1.0369123083734486,
    2.516623755129831,
    51.540623522591176,
    0.06454867369179813,
    0.8136506810032742
  ]
}