{
  "loss": 0.23800760672539464,
  "mse_hist_eh": 0.23981736274948887,
  "hunting_gap": 0.5880109089813826,
  "penalty": 0.0,
  "speed_tier": 0,
  "stepsPerYear": 30,
  "atol": 0.001,
  "rtol": 0.001,
  "params_log": [
    0.6543261635568398,
    -1.6138476506338588,
    0.04186609002355035,
    -1.3189805536179944,
    -0.9235729167759774,
    -3.7372944178059697,
    -2.0815471383126414,
    0.07360580131628625,
    2.956244065736076,
    -1.0038302633308367,
    -0.5402862320871908,
    -0.7771631768314402,
    0.7973171471565355,
    1.1825952327758542,
    -0.29139348214220817,
    0.4179593684178757
  ],
  "params_lin": [
    4.511554037760235,
    0.024330573695359296,
    1.1011997142428862,
    0.04797549301179393,
    0.11924140462099718,
    0.00018310726769705192,
    0.008288059528126541,
    1.184692942633024,
    904.1574512981301,
    0.099121927052221,
    0.28821313399485254,
    0.1670462855815436,
    6.270716217773825,
    15.22632981626459,
    0.5112184483868631,
    2.6179380685613864
  ]
}