{
  "loss": 0.08387958028756862,
  "g_std": 0.08769005853420854,
  "r2_eh": 0.7099531805299513,
  "r2_0": 0.2727399342199067,
  "hunting_r2_gain": 0.43721324631004455,
  "crash_mse_eh": 0.028196475710478487,
  "crash_mse_0": 0.4829641773168453,
  "crash_mse_ratio_0_over_eh": 17.128529900644136,
  "hunt_explains_crash_window": true,
  "narr_g4": 0.5437430396302718,
  "narr_g65": 0.09271531581534419,
  "narr_g_hunt_min": 0.10065033296405564,
  "narr_g_post_mean": 0.4408968473684714,
  "narr_decline_rel": 0.814893568389605,
  "narr_recovery_rel": 3.7553830749085453,
  "narr_decline_ok": true,
  "narr_recovery_ok": true,
  "mega": 32,
  "params_lin": [
    4.856105872871036,
    0.0004359713635480444,
    2.6797421863950124,
    0.0379418712601799,
    0.2836731223332303,
    0.001851829095452907,
    0.027493354429847246,
    1.424062757225122,
    299.81234784727616,
    0.3333333333333333,
    0.15624346475306097,
    1.0,
    10.027287927863627,
    5.710431882715614,
    0.38526118649484986,
    1.896529980795783
  ],
  "fixed_a3": 0.3333333333333333,
  "fixed_b4": 1.0
}