{
  "loss": 0.07885396476240808,
  "mse_hist_eh": 0.07234883630751181,
  "hunting_gap": 0.14499508477944212,
  "penalty": 0.0,
  "speed_tier": 0,
  "stepsPerYear": 30,
  "atol": 0.001,
  "rtol": 0.001,
  "params_log": [
    0.6322602612454272,
    -1.2600009996574082,
    -0.11596547345716471,
    -1.9773760243793013,
    -0.7086914221021677,
    -3.0719075676281187,
    -1.4982597445766561,
    0.20660075620543517,
    2.218370926701234,
    -0.36075247814062783,
    0.21396919965519023,
    -0.30270088264987377,
    1.1638045100802603,
    1.4906226792754003,
    -0.37152212903251797,
    0.32325196138985857
  ],
  "params_lin": [
    4.288054152069206,
    0.05495396089279598,
    0.7656574744928265,
    0.010534743736569908,
    0.195572855990655,
    0.0008474077516233194,
    0.031749746012070035,
    1.6091656605958815,
    165.33733254650997,
    0.4357601601328737,
    1.636700441837383,
    0.49808001606960495,
    14.58157748808968,
    30.947293895119337,
    0.4250870463757493,
    2.1049993273326866
  ]
}