{
  "loss": 0.08172072422365967,
  "mse_hist_eh": 0.07551938042212437,
  "hunting_gap": 0.17481350360987058,
  "penalty": 0.0,
  "speed_tier": 0,
  "stepsPerYear": 30,
  "atol": 0.001,
  "rtol": 0.001,
  "params_log": [
    0.5648586777166059,
    -1.1854509954968457,
    0.11475082577650575,
    -1.9347270349171346,
    -0.666318935187547,
    -3.018234740985893,
    -1.5381801529718317,
    0.3011390027084209,
    2.320990573979429,
    -0.3619144326092939,
    0.085144359936142,
    -0.1629341442822895,
    1.031746736024492,
    1.5418233102869994,
    -0.3613796456528766,
    0.3210109647620957
  ],
  "params_lin": [
    3.671628038632147,
    0.06524526576704094,
    1.3024193076703754,
    0.011621788431742412,
    0.2156160396421993,
    0.0009588822049504865,
    0.02896141967984005,
    2.0005020589963816,
    209.40670052782983,
    0.4345958425034068,
    1.2165903293300648,
    0.6871726338686622,
    10.75837643184803,
    34.81956252278961,
    0.43513133018308375,
    2.0941653271990135
  ]
}