{
  "loss": 0.09059248178111094,
  "mse_hist_eh": 0.09195931276385426,
  "hunting_gap": 0.2647122079738657,
  "penalty": 0.0,
  "speed_tier": 0,
  "stepsPerYear": 30,
  "atol": 0.001,
  "rtol": 0.001,
  "params_log": [
    0.46168309457812223,
    -1.3451613688332515,
    0.18971699148641807,
    -2.042308700494048,
    -0.7764868881161084,
    -2.8394879978177556,
    -1.453431244020688,
    0.3022230001145605,
    2.266266144502227,
    -0.5125744449639262,
    0.05597163456622716,
    -0.27435110586919004,
    1.082101085805486,
    1.5121843028777888,
    -0.382673899057526,
    0.172513762027397
  ],
  "params_lin": [
    2.895230162337828,
    0.0451688081496571,
    1.5478076595085943,
    0.009071754723171932,
    0.1673066147558316,
    0.001447144845903717,
    0.03520211488672067,
    2.0055015414193775,
    184.61464287165944,
    0.30720307253299306,
    1.1375529854604598,
    0.5316782495820729,
    12.080949969673894,
    32.522528495329766,
    0.4143106536340304,
    1.4876945157521528
  ]
}