{
  "loss": 0.08213244809616588,
  "g_std": 0.04479064716993612,
  "r2_eh": 0.7061525638107657,
  "r2_0": -0.02473711229385933,
  "hunting_r2_gain": 0.7308896761046251,
  "crash_mse_eh": 0.022386190657932674,
  "crash_mse_0": 0.7976914742446399,
  "crash_mse_ratio_0_over_eh": 35.63319398096613,
  "hunt_explains_crash_window": true,
  "narr_g4": 0.5800732547160754,
  "narr_g65": 0.07134604128226553,
  "narr_g_hunt_min": 0.07324866122609294,
  "narr_g_post_mean": 0.47414743292617983,
  "narr_decline_rel": 0.8737251519453856,
  "narr_recovery_rel": 5.645742619475875,
  "narr_decline_ok": true,
  "narr_recovery_ok": true,
  "mega": 12,
  "params_lin": [
    3.9524808688867905,
    0.059628365652349906,
    0.8769029494689945,
    0.005089092846556242,
    0.1490951886723926,
    0.0014583523667261024,
    0.035214883399425856,
    1.9413816260913213,
    162.04707293283033,
    0.4483803079750741,
    1.367682379373448,
    0.3208802061689535,
    16.193426249378323,
    28.386603996292784,
    0.4250769451363495,
    2.272247128227434
  ]
}