{
  "loss": 0.32992503319677113,
  "g_std": 0.049598987534382584,
  "r2_eh": -0.42076619794156933,
  "r2_0": -2.143110244101916,
  "hunting_r2_gain": 1.7223440461603468,
  "crash_mse_eh": 0.11587524530001514,
  "crash_mse_0": 2.418541354725808,
  "crash_mse_ratio_0_over_eh": 20.871941616546636,
  "hunt_explains_crash_window": true,
  "narr_g4": 0.6479503583020334,
  "narr_g65": 0.0008276656842945188,
  "narr_g_hunt_min": -0.00047732022776674453,
  "narr_g_post_mean": 0.18766241089100552,
  "narr_decline_rel": 1.0007366601791545,
  "narr_recovery_rel": 225.73669902632844,
  "narr_decline_ok": true,
  "narr_recovery_ok": true,
  "mega": 2,
  "params_lin": [
    1.506384616192849,
    0.004120740799800796,
    6.166835877703748,
    0.016494038776575976,
    0.2789398621148525,
    0.26252035931556356,
    0.014449999258409415,
    17.35013788937022,
    459.08699989100745,
    0.18064836732317446,
    1.0195457027601014,
    1.0800972917244205,
    17.891598357886583,
    8.757850724236953,
    0.7505870964498857,
    1.8450305267000493
  ]
}