{
  "loss": 0.17691655621950572,
  "g_std": 0.025664753111355913,
  "r2_eh": 0.3225316383728326,
  "r2_0": -1.972072365359975,
  "hunting_r2_gain": 2.2946040037328075,
  "crash_mse_eh": 0.03792898385158527,
  "crash_mse_0": 2.395027224992627,
  "crash_mse_ratio_0_over_eh": 63.145040592206115,
  "hunt_explains_crash_window": true,
  "narr_g4": 0.36384295038115744,
  "narr_g65": 0.10660818058346928,
  "narr_g_hunt_min": 0.10926399044032636,
  "narr_g_post_mean": 0.2739977437299407,
  "narr_decline_rel": 0.6996946319131444,
  "narr_recovery_rel": 1.5701380575130917,
  "narr_decline_ok": true,
  "narr_recovery_ok": true,
  "mega": 2,
  "params_lin": [
    1.1748292858053324,
    0.1634210426715284,
    0.8702109533240096,
    0.0018489617000992044,
    0.11562530029608707,
    0.0008719638163725281,
    0.0019031302849007237,
    0.8126700422653619,
    296.79763882919923,
    0.3333333333333333,
    3.2322273502949135,
    1.0,
    23.947094573705986,
    33.94615341818206,
    0.23274471133385966,
    0.8486913019388063
  ],
  "fixed_a3": 0.3333333333333333,
  "fixed_b4": 1.0
}