{
  "loss": 0.1353810593529486,
  "mse_hist_eh": 0.1643366269166516,
  "hunting_gap": 0.2168398470898487,
  "penalty": 0.0,
  "speed_tier": 0,
  "stepsPerYear": 30,
  "atol": 0.001,
  "rtol": 0.001,
  "params_log": [
    0.3603029813160458,
    -1.0551778298503505,
    0.20131822918788717,
    -1.8902238199802954,
    -0.7709868434896887,
    -3.042904108999247,
    -1.443733195822915,
    0.4442100220000454,
    2.329387399927949,
    -0.3316069064313368,
    0.06600840001998885,
    -0.4918057723086231,
    1.220525773328312,
    1.575346055824025,
    -0.4205406332864725,
    0.19825783358841498
  ],
  "params_lin": [
    2.2924664118912834,
    0.08806881852188542,
    1.5897111824522079,
    0.012875858045930081,
    0.1694389129467901,
    0.0009059326061898515,
    0.035997041121890394,
    2.7810578441891427,
    213.49484835275274,
    0.4660077008878317,
    1.164148545875455,
    0.32225096584804563,
    16.615972827993552,
    37.61369995159097,
    0.3797164104345086,
    1.5785481499946283
  ]
}