{
  "loss": 0.09993911365266277,
  "mse_hist_eh": 0.10311851132253184,
  "hunting_gap": 0.235373104221351,
  "penalty": 0.0,
  "speed_tier": 0,
  "stepsPerYear": 30,
  "atol": 0.001,
  "rtol": 0.001,
  "params_log": [
    0.4509631825309531,
    -1.1741372047277328,
    -0.0359339163490055,
    -2.309523952902188,
    -0.6999669404401744,
    -3.1294164551388004,
    -1.509724005083731,
    0.26694941915965975,
    2.155310557732551,
    -0.3962614724878386,
    0.17544102260490552,
    -0.2142909598999213,
    1.0344058487096621,
    1.4834415363229585,
    -0.4161875991727396,
    0.17277944435937725
  ],
  "params_lin": [
    2.8246405048626246,
    0.0669673009172371,
    0.9205896409891815,
    0.004903159793569326,
    0.19954142050050078,
    0.0007423069809693492,
    0.030922599449209522,
    1.8490532533267365,
    142.99161054303178,
    0.40154898041336123,
    1.4977558432850053,
    0.6105328553093422,
    10.824450249623103,
    30.439781894283364,
    0.3835415339301191,
    1.4886049005001407
  ]
}