{
  "loss": 0.10348385890373983,
  "mse_hist_eh": 0.10950385610168724,
  "hunting_gap": 0.208278868498171,
  "penalty": 0.0,
  "speed_tier": 0,
  "stepsPerYear": 30,
  "atol": 0.001,
  "rtol": 0.001,
  "params_log": [
    0.48329644201951605,
    -1.1351917110042327,
    0.08039528376513513,
    -2.1205321791161538,
    -0.926897398231012,
    -3.107077769804466,
    -1.4095768868497687,
    0.4258925312155798,
    2.2918205610299403,
    -0.4381072386401017,
    0.26133145176189354,
    -0.21175938073156003,
    1.3313816589524692,
    1.6640506517781188,
    -0.3612195261490396,
    0.21792017061180105
  ],
  "params_lin": [
    3.042961390589017,
    0.07325011131343692,
    1.2033592031938398,
    0.0075764859269751225,
    0.11833210814866385,
    0.0007814878497839991,
    0.03894243584907103,
    2.666198815932993,
    195.803549797751,
    0.3646638907772532,
    1.8252882233316718,
    0.6141021519776005,
    21.447746058383988,
    46.13713811802575,
    0.4352917878011386,
    1.651658172496532
  ]
}