{
  "loss": 74.26435575558902,
  "mse_hist_eh": 0.7923148464960511,
  "hunting_gap": 0.9350131048983893,
  "penalty": 73.47109171323113,
  "speed_tier": 0,
  "stepsPerYear": 30,
  "atol": 0.001,
  "rtol": 0.001,
  "params_log": [
    -1.6239537384377951,
    -1.7807441373223982,
    -0.9220678208612423,
    -2.1248994067629603,
    -0.5795131697818174,
    -3.6978734265013777,
    -1.145176059100777,
    1.0554684288799763,
    -0.4515804980462872,
    -1.4770990976205258,
    -0.14528231477019915,
    -1.4144729921131434,
    0.5515314954024062,
    1.8235721849522775,
    -0.1856122884403985,
    0.3391617213705733
  ],
  "params_lin": [
    0.02377093483950426,
    0.016567457404462152,
    0.11965536589434182,
    0.007500679233122235,
    0.2633218091328773,
    0.00020050563083620802,
    0.0715853150914292,
    11.362356957947952,
    0.3535244879901448,
    0.03333503399692157,
    0.7156780297586237,
    0.03850587599519175,
    3.5606681136536205,
    66.61502342566979,
    0.6522103877944412,
    2.1835428620859365
  ]
}