{
  "loss": 89.53685928795058,
  "mse_hist_eh": 1.1376698175580997,
  "hunting_gap": 0.3497056577813067,
  "penalty": 88.50548543616604,
  "speed_tier": 0,
  "stepsPerYear": 30,
  "atol": 0.001,
  "rtol": 0.001,
  "params_log": [
    -0.4464934160284548,
    -2.582409417260758,
    0.10913688500386097,
    -2.6765295144786756,
    -1.2582614364190376,
    -2.631841244618933,
    -3.202673804200662,
    0.8922992614575063,
    -0.0350090381682322,
    -0.5963286629321677,
    -0.7784658221319222,
    -0.5403454650790653,
    0.8462663970973002,
    1.6556542655543438,
    -0.4539349445496707,
    0.27483756546319116
  ],
  "params_lin": [
    0.35768982316843706,
    0.0026157159628034977,
    1.2856918324850748,
    0.002106058767219208,
    0.05517451999346921,
    0.0023343112086044743,
    0.0006270846871200593,
    7.803676571177045,
    0.9225522275808623,
    0.25332108358906125,
    0.16654598900734924,
    0.2881738275730802,
    7.01885704484925,
    45.253717932167646,
    0.3516131067186326,
    1.882944700030678
  ]
}