{
  "loss": 0.8143476425895124,
  "g_std": 0.2538404343545601,
  "r2_eh": -1.8436089471810617,
  "r2_0": -4.227843668359594,
  "hunting_r2_gain": 2.3842347211785326,
  "crash_mse_eh": 0.00870474263047228,
  "crash_mse_0": 1.2549997138100986,
  "crash_mse_ratio_0_over_eh": 144.17424695275955,
  "hunt_explains_crash_window": true,
  "narr_g4": 0.6136655722453207,
  "narr_g65": 0.14410821634297696,
  "narr_g_hunt_min": 0.14601358673413664,
  "narr_g_post_mean": 0.4113227036482193,
  "narr_decline_rel": 0.7620632570897604,
  "narr_recovery_rel": 1.854262666155067,
  "narr_decline_ok": true,
  "narr_recovery_ok": true,
  "mega": 1,
  "params_lin": [
    1.7530365765422165,
    0.0013586980954584024,
    1.8021715697830591,
    0.00987701953744839,
    0.020082593466828884,
    0.012941747735123866,
    0.02482292689237449,
    44.483923517755905,
    928.9007479301993,
    0.45688031962401654,
    0.07478786816843819,
    0.8817205281394808,
    8.138150873486282,
    30.79404025807283,
    0.3307321090832176,
    0.9863568489799525
  ]
}