{
  "loss": 0.08994069392388249,
  "mse_hist_eh": 0.0919900543356063,
  "hunting_gap": 0.2972318894375811,
  "penalty": 0.0,
  "speed_tier": 0,
  "stepsPerYear": 30,
  "atol": 0.001,
  "rtol": 0.001,
  "params_log": [
    0.43724220733525004,
    -1.2422765240134153,
    -0.02568609509747935,
    -2.0759217565066312,
    -0.9840237034295212,
    -3.1168170404653144,
    -1.5305690877287577,
    0.318879741576781,
    2.394125823729185,
    -0.5575557135071691,
    0.16562836499299488,
    -0.4110883524287985,
    1.2417747914742039,
    1.5334997698034436,
    -0.3763510502187428,
    0.1156035805288788
  ],
  "params_lin": [
    2.7367946193379877,
    0.05724314363409101,
    0.942570633588396,
    0.00839611239187153,
    0.10374717899303136,
    0.0007641576400291313,
    0.029473445746326984,
    2.083913756531116,
    247.81399199477377,
    0.27697736957007457,
    1.4642942769861238,
    0.3880714091057036,
    17.449170709430824,
    34.15857696294405,
    0.4203866827852019,
    1.3049791729506741
  ]
}