{
  "loss": 0.09638857523276578,
  "mse_hist_eh": 0.10188801943010899,
  "hunting_gap": 0.21758994993730907,
  "penalty": 0.0,
  "speed_tier": 0,
  "stepsPerYear": 30,
  "atol": 0.001,
  "rtol": 0.001,
  "params_log": [
    0.3748767351526767,
    -1.2436907573089186,
    0.0322928534510235,
    -1.951163387196657,
    -0.7528050188871968,
    -3.1366219292543773,
    -1.5429696922833376,
    0.3552549368054606,
    2.3667808862654494,
    -0.5032340215102937,
    0.26504687567937674,
    -0.1529441333785653,
    1.1495564220622183,
    1.6528123131856838,
    -0.3910689410398638,
    0.1022040587745607
  ],
  "params_lin": [
    2.3707007393877357,
    0.05705704066684988,
    1.0771913404361377,
    0.011190168156789764,
    0.17668308801052926,
    0.0007300928087277433,
    0.02864377856681616,
    2.265974075057529,
    232.6916966651353,
    0.3138816872683009,
    1.8409706963606423,
    0.7031627672719855,
    14.110955492853119,
    44.95855178407564,
    0.406378814410801,
    1.2653307395269382
  ]
}