{
  "loss": 0.09305220179751841,
  "mse_hist_eh": 0.08265576243681909,
  "hunting_gap": 0.11476472083067686,
  "penalty": 0.0,
  "speed_tier": 0,
  "stepsPerYear": 30,
  "atol": 0.001,
  "rtol": 0.001,
  "params_log": [
    0.3477539238431725,
    -1.367990413459359,
    0.025037668555672327,
    -2.1648199257280885,
    -0.7968589501748703,
    -3.1028263225120374,
    -1.5359431061018527,
    0.31949891261730656,
    2.3592184430023972,
    -0.44110823708803076,
    0.07731628645058929,
    -0.31869013099446064,
    1.1411586984213282,
    1.5766584582990406,
    -0.36169122206900894,
    -0.12910629483239805
  ],
  "params_lin": [
    2.2271728504048527,
    0.04285579802071352,
    1.0593456035916349,
    0.00684195280698027,
    0.15963975398059196,
    0.0007891756515431964,
    0.02911098455840423,
    2.0868868987787828,
    228.67487112601287,
    0.36215272961632755,
    1.1948579746162613,
    0.48007586047462103,
    13.840720495050494,
    37.72753739973359,
    0.4348192653417902,
    0.7428373040636014
  ]
}