{
  "loss": 0.0857586349393914,
  "mse_hist_eh": 0.08148686609726198,
  "hunting_gap": 0.16344728993936497,
  "penalty": 0.0,
  "speed_tier": 0,
  "stepsPerYear": 30,
  "atol": 0.001,
  "rtol": 0.001,
  "params_log": [
    0.5768454110818773,
    -1.2857796677269284,
    0.07986549255551723,
    -1.9964830346243627,
    -0.777941949752228,
    -3.068799888409642,
    -1.4891558704455996,
    0.31051410531011214,
    2.396237467216407,
    -0.4117605288432669,
    0.05645451412212434,
    -0.3574724714977333,
    1.166330219991296,
    1.5320181782345774,
    -0.3721315591085639,
    0.31038832243775477
  ],
  "params_lin": [
    3.7743781645849963,
    0.051786949801945335,
    1.2018921331411616,
    0.010081309904469425,
    0.1667470081103306,
    0.000853493290915459,
    0.03242232311375503,
    2.0441563264168856,
    249.02185688980657,
    0.38747123872138967,
    1.1388185013548255,
    0.43906369556598424,
    14.666626081273483,
    34.04224384416363,
    0.42449095510282203,
    2.0435643718000907
  ]
}