{
  "loss": 0.08202335503549346,
  "mse_hist_eh": 0.07482500469768072,
  "hunting_gap": 0.11992037145333415,
  "penalty": 0.0,
  "speed_tier": 0,
  "stepsPerYear": 30,
  "atol": 0.001,
  "rtol": 0.001,
  "params_log": [
    0.5334088992645819,
    -1.401701595283791,
    -0.007805873677381274,
    -2.34174859427551,
    -0.8049935482994902,
    -2.8470323135934086,
    -1.476365897943206,
    0.19430555210741815,
    2.2423958651209133,
    -0.40530495107197134,
    0.11235753789909589,
    -0.41515967129604553,
    1.2583572315273903,
    1.4805159844864715,
    -0.389879689704631,
    0.12079964118383796
  ],
  "params_lin": [
    3.415143046739685,
    0.03965504113496275,
    0.9821868749585833,
    0.004552515212859546,
    0.15667743452916502,
    0.0014222229629729975,
    0.033391359555545716,
    1.564247797337613,
    174.74142182129654,
    0.39327383111708375,
    1.2952617416747831,
    0.38445041027194343,
    18.128306342051133,
    30.235418518571688,
    0.407493147833534,
    1.3206862039887635
  ]
}