{
  "loss": 0.1640593045899373,
  "mse_hist_eh": 0.1848407764262789,
  "hunting_gap": 0.154587272915597,
  "penalty": 0.0,
  "speed_tier": 0,
  "stepsPerYear": 30,
  "atol": 0.001,
  "rtol": 0.001,
  "params_log": [
    0.40641717116544057,
    -1.4576628565825267,
    -0.011761292500862358,
    -2.3607141980831856,
    -0.7350999847216695,
    -3.094920489242911,
    -1.1043427806648998,
    0.3853963431015611,
    2.1623994408264413,
    -0.4124168138822139,
    0.15318513057341707,
    -0.24671585948030422,
    0.9655606902915985,
    1.751455238117575,
    -0.4143446219519519,
    -0.18881727397441864
  ],
  "params_lin": [
    2.5492778420412345,
    0.034860783477272124,
    0.9732820357368782,
    0.004357985710725281,
    0.1840348261588938,
    0.0008036732454435457,
    0.07864248339829503,
    2.428825663567209,
    145.3447806538089,
    0.386886152915104,
    1.4229352251183296,
    0.5666098766839822,
    9.237632702925957,
    56.42287843913656,
    0.38517259368273954,
    0.6474149532590032
  ]
}