{
  "loss": 0.13754417831918797,
  "mse_hist_eh": 0.15372622088251867,
  "hunting_gap": 0.16542095828787676,
  "penalty": 0.0,
  "speed_tier": 0,
  "stepsPerYear": 30,
  "atol": 0.001,
  "rtol": 0.001,
  "params_log": [
    -0.37624103429126576,
    -3.5252193375396246,
    0.20674948150497863,
    -1.6685128430293013,
    -0.6290671405284058,
    -3.9281498861308775,
    -3.5304529135734644,
    -0.49258397545049437,
    2.489876892611925,
    -0.9153003510609086,
    0.3815100866148219,
    -0.9867079173467725,
    1.0087651150663566,
    1.4769774469327337,
    -0.7127921119128569,
    -0.43458088623437563
  ],
  "params_lin": [
    0.4204931890641882,
    0.0002983875251956705,
    1.6097168180202759,
    0.021452956738339694,
    0.2349269603257249,
    0.00011799133471057421,
    0.0002948133097355239,
    0.3216740481621978,
    308.94195653324044,
    0.12153451967954014,
    2.4071884260476364,
    0.10310793347260203,
    10.203874654881329,
    29.990067754528162,
    0.19373491123185702,
    0.36763691556804884
  ]
}