{
  "loss": 0.11075284856223588,
  "mse_hist_eh": 0.12298364371870059,
  "hunting_gap": 0.2842175066577922,
  "penalty": 0.0,
  "speed_tier": 0,
  "stepsPerYear": 30,
  "atol": 0.001,
  "rtol": 0.001,
  "params_log": [
    0.5737340835720066,
    -1.3678327293916244,
    0.08916908993261498,
    -2.1540850856820777,
    -0.7149447976069884,
    -2.878993974294355,
    -1.3787273702878853,
    0.3617632435495919,
    2.4688361803246273,
    -0.517321295193905,
    0.0863984811372087,
    -0.3763290680173211,
    1.0028955034215281,
    1.5606119623294394,
    -0.41277788501049684,
    0.348503003667905
  ],
  "params_lin": [
    3.74743478350285,
    0.04287136097115377,
    1.227917220252179,
    0.007013178848472801,
    0.19277699329987585,
    0.001321313966894282,
    0.041809274330442917,
    2.3001875240115344,
    294.33111816663194,
    0.3038636181933667,
    1.2201085799255293,
    0.42040796156952076,
    10.066894178888562,
    36.3590026988253,
    0.3865646306040603,
    2.2310176375948845
  ]
}