{
  "loss": 0.22202401297749913,
  "mse_hist_eh": 0.19094678038016535,
  "hunting_gap": 0.6250975809582975,
  "penalty": 0.0,
  "speed_tier": 0,
  "stepsPerYear": 30,
  "atol": 0.001,
  "rtol": 0.001,
  "params_log": [
    0.17454779728197073,
    -0.794603581323212,
    -0.025549511345708625,
    -0.8529729121923447,
    -1.1196620666924497,
    -2.2191913464292883,
    -2.5271932552476093,
    0.09949317508762423,
    2.484358443268591,
    -0.45505763512776853,
    -0.03076782581396406,
    -0.1842952898414389,
    0.6879951093345881,
    1.3083710575373446,
    -0.5906317533388374,
    0.09774807959012219
  ],
  "params_lin": [
    1.494678533611717,
    0.16047094815204943,
    0.9428671146283236,
    0.1402901203561956,
    0.07591680692687966,
    0.006036825933935792,
    0.0029703439741896416,
    1.2574570933477305,
    305.0411596345943,
    0.35070532883498984,
    0.9316057795794407,
    0.6541912185883738,
    4.875229999914967,
    20.340941816076473,
    0.256665943410683,
    1.252414478407421
  ]
}