{
  "loss": 0.08011279248613669,
  "mse_hist_eh": 0.07722178977296201,
  "hunting_gap": 0.17782445645041217,
  "penalty": 0.0,
  "speed_tier": 0,
  "stepsPerYear": 30,
  "atol": 0.001,
  "rtol": 0.001,
  "params_log": [
    0.5359509023763143,
    -1.3830519076390064,
    0.05109700137799293,
    -2.045605319069465,
    -0.9004115911375262,
    -2.8889884979166762,
    -1.5147669045789276,
    0.2679100468481115,
    2.320243764366909,
    -0.4203703760445815,
    0.09736342763755447,
    -0.3122195166198324,
    1.2684181759354762,
    1.4979533826775397,
    -0.38239526876583263,
    0.2551602930332525
  ],
  "params_lin": [
    3.4351911036886777,
    0.041395019580866804,
    1.1248561869578075,
    0.00900315404280195,
    0.12577328636408022,
    0.001291253471396295,
    0.030565611968080917,
    1.8531477508289795,
    209.04691572854102,
    0.3798653005204187,
    1.251305713689301,
    0.4872821283185911,
    18.553172219893543,
    31.47410451823442,
    0.41457654818775636,
    1.799534979966456
  ]
}