{
  "loss": 1.5534955093662646,
  "mse_hist_eh": 1.727086417426297,
  "hunting_gap": 1.5594928777752868,
  "penalty": 0.0,
  "speed_tier": 0,
  "stepsPerYear": 30,
  "atol": 0.001,
  "rtol": 0.001,
  "params_log": [
    0.6118647545296373,
    -1.9430035300671888,
    0.47846435111257124,
    -0.7509168508351899,
    -0.5635703339022453,
    -0.7565055968054115,
    -2.660864388641243,
    -0.08306769737069486,
    2.7191924242677405,
    -0.6402767369959084,
    -0.37609740537288466,
    -0.5535559353813005,
    0.9104432945584878,
    1.125505912372325,
    -1.1070302331897675,
    0.40882248970252766
  ],
  "params_lin": [
    4.091332299901975,
    0.011402405193291944,
    3.0092921422027263,
    0.17745291962279636,
    0.27316790131979124,
    0.17518398578913816,
    0.0021834115902910267,
    0.8259091976786057,
    523.8324813357293,
    0.22894083528777653,
    0.42063227664737873,
    0.27954006680392335,
    8.136606149050172,
    13.35075764813504,
    0.07815733938596334,
    2.5634360625651804
  ]
}