{
  "loss": 0.09846192125417247,
  "mse_hist_eh": 0.10246133302779033,
  "hunting_gap": 0.22081329024844804,
  "penalty": 0.0,
  "speed_tier": 0,
  "stepsPerYear": 30,
  "atol": 0.001,
  "rtol": 0.001,
  "params_log": [
    0.4497897335390464,
    -1.2438486038936922,
    0.1881650009006262,
    -2.0522726219757534,
    -0.8953593189807845,
    -2.984661454129964,
    -1.487639751281393,
    0.3309642695506271,
    2.4154625995084644,
    -0.5574049380059806,
    0.03776454953593289,
    -0.5091238465092482,
    1.3321859655062942,
    1.574737935830176,
    -0.396040798984468,
    0.2030313900858164
  ],
  "params_lin": [
    2.8170187233500124,
    0.057036306757269555,
    1.5422863003490734,
    0.008865992876509667,
    0.1272449868041692,
    0.00103594940634301,
    0.03253570702541852,
    2.142714307619314,
    260.2930663022454,
    0.27707354544501345,
    1.0908487781932452,
    0.3096536142986508,
    21.48750375089497,
    37.56106829951857,
    0.4017530671340884,
    1.5959944989068537
  ]
}