{
  "loss": 0.1075146899835262,
  "mse_hist_eh": 0.11301928019264472,
  "hunting_gap": 0.11355910583304583,
  "penalty": 0.0,
  "speed_tier": 0,
  "stepsPerYear": 30,
  "atol": 0.001,
  "rtol": 0.001,
  "params_log": [
    0.47324075452693426,
    -1.0871790417509644,
    0.24203111209906636,
    -2.233000619258843,
    -0.7876623681584612,
    -2.9365750257437218,
    -1.4034547160607413,
    0.3350804757166785,
    2.431185892065064,
    -0.49180111150372274,
    0.07717755682770959,
    -0.22870872735321796,
    1.2701011227443815,
    1.5328164681699126,
    -0.38970489069166026,
    0.10035528459957743
  ],
  "params_lin": [
    2.973313854636041,
    0.08181274383112284,
    1.7459472250539119,
    0.005847892502951278,
    0.16305631823046698,
    0.0011572440972494144,
    0.039495287898749926,
    2.163119317329062,
    269.8894399217294,
    0.3222544242317064,
    1.194476354009349,
    0.5905970490338128,
    18.625207624473244,
    34.1048754759538,
    0.407657192599176,
    1.259955726089924
  ]
}