{
  "loss": 0.2143612278962974,
  "mse_hist_eh": 0.277627770514466,
  "hunting_gap": 0.24246936692399096,
  "penalty": 0.0,
  "speed_tier": 0,
  "stepsPerYear": 30,
  "atol": 0.001,
  "rtol": 0.001,
  "params_log": [
    0.26833100359225814,
    -0.9882437497370091,
    0.10888102003035943,
    -2.0521338878617525,
    -0.8377713928716094,
    -3.113324090787797,
    -1.318767932082824,
    0.2448505878621631,
    2.302872800158468,
    -0.6040467739184942,
    0.2844376340676057,
    -0.2310081908558997,
    1.1952291487450892,
    1.6909749618938996,
    -0.46336188390517485,
    0.1760437494991403
  ],
  "params_lin": [
    1.8549448568641247,
    0.1027439481227599,
    1.2849345891057262,
    0.008868825544667136,
    0.14528761920107436,
    0.0007703283995573182,
    0.04799898656470267,
    1.757318932204097,
    200.85044586762152,
    0.24885892804751017,
    1.9250305853182965,
    0.5874782725012428,
    15.675779601300595,
    49.08795749659813,
    0.34406311433220865,
    1.49983591678009
  ]
}