{
  "loss": 0.23800760672539464,
  "g_std": 0.037966140503318264,
  "r2_eh": 0.08537426636366341,
  "r2_0": -2.157206933126291,
  "hunting_r2_gain": 2.2425811994899543,
  "crash_mse_eh": 0.019619018808184025,
  "crash_mse_0": 2.196079206421333,
  "crash_mse_ratio_0_over_eh": 111.93624042978684,
  "hunt_explains_crash_window": true,
  "narr_g4": 0.4363633824104853,
  "narr_g65": 0.14046396635870365,
  "narr_g_hunt_min": 0.14256220340898776,
  "narr_g_post_mean": 0.3459252124041637,
  "narr_decline_rel": 0.6732947588435024,
  "narr_recovery_rel": 1.4627327556594814,
  "narr_decline_ok": true,
  "narr_recovery_ok": true,
  "mega": 21,
  "params_lin": [
    4.511554037760235,
    0.024330573695359296,
    1.1011997142428862,
    0.04797549301179393,
    0.11924140462099718,
    0.00018310726769705192,
    0.008288059528126541,
    1.184692942633024,
    904.1574512981301,
    0.099121927052221,
    0.28821313399485254,
    0.1670462855815436,
    6.270716217773825,
    15.22632981626459,
    0.5112184483868631,
    2.6179380685613864
  ]
}