{
  "loss": 118.88922459913145,
  "mse_hist_eh": 0.7279401040521517,
  "hunting_gap": 1.0284555554919983,
  "penalty": 118.18690443758734,
  "speed_tier": 0,
  "stepsPerYear": 30,
  "atol": 0.001,
  "rtol": 0.001,
  "params_log": [
    -0.2726557871874915,
    -3.6626537608566094,
    0.43923051128580903,
    -1.4397966430281965,
    -0.9293534236207879,
    -2.761514971748573,
    -3.137943603883871,
    1.1943457668076354,
    2.5095037784355685,
    -0.6381776757343043,
    -1.5568740701298018,
    -0.6911618996655968,
    1.0550483211344428,
    1.91358294012025,
    -0.13855310882323982,
    0.29422131208389357
  ],
  "params_lin": [
    0.5337577732408364,
    0.00021744340448787036,
    2.74935304510209,
    0.036324810469220016,
    0.1176648041786585,
    0.001731749329870758,
    0.0007278743178707906,
    15.643926499005929,
    323.22413243208706,
    0.2300500459072326,
    0.027741243849141024,
    0.20362828348865503,
    11.35137108001003,
    81.95641258751131,
    0.7268535086191237,
    1.9688893602504092
  ]
}