{
  "loss": 0.3122602400056961,
  "g_std": 0.05731507571510758,
  "r2_eh": -0.23727666036962236,
  "r2_0": -2.6353377645781753,
  "hunting_r2_gain": 2.398061104208553,
  "crash_mse_eh": 0.17336979580606127,
  "crash_mse_0": 2.339815945079166,
  "crash_mse_ratio_0_over_eh": 13.496099099540302,
  "hunt_explains_crash_window": true,
  "narr_g4": 0.6875587985973681,
  "narr_g65": 0.0013458014310144433,
  "narr_g_hunt_min": 0.0014331335834782252,
  "narr_g_post_mean": 0.5316158844566782,
  "narr_decline_rel": 0.9979156188760621,
  "narr_recovery_rel": 394.0177776510294,
  "narr_decline_ok": true,
  "narr_recovery_ok": true,
  "mega": 1,
  "params_lin": [
    2.0429616555044405,
    0.00028692590747896957,
    7.0716869975203025,
    0.005351434306546218,
    0.19622648234088733,
    0.007581118714316362,
    0.012272892232333193,
    3.241246698614571,
    221.83394894362007,
    0.3333333333333333,
    0.27795538665951225,
    1.0,
    28.383695705112256,
    13.735460670872946,
    0.33830566999659534,
    1.3655307065988798
  ],
  "fixed_a3": 0.3333333333333333,
  "fixed_b4": 1.0
}