{
  "loss": 0.08198004526099362,
  "g_std": 0.0378941387808588,
  "r2_eh": 0.7096065878775969,
  "r2_0": -0.08106330433116415,
  "hunting_r2_gain": 0.790669892208761,
  "crash_mse_eh": 0.010598030055908186,
  "crash_mse_0": 0.8353920448733346,
  "crash_mse_ratio_0_over_eh": 78.82521944055021,
  "hunt_explains_crash_window": true,
  "narr_g4": 0.5791498406540843,
  "narr_g65": 0.10135579387346479,
  "narr_g_hunt_min": 0.1041524741617387,
  "narr_g_post_mean": 0.4675884137314473,
  "narr_decline_rel": 0.820163163881262,
  "narr_recovery_rel": 3.613336763972863,
  "narr_decline_ok": true,
  "narr_recovery_ok": true,
  "mega": 4,
  "params_lin": [
    3.8930230095591534,
    0.08070134056877065,
    0.9534453941203502,
    0.008468033419967066,
    0.13811082417772166,
    0.0007564791560594231,
    0.029121874222705412,
    1.7817709406707656,
    250.2275859983902,
    0.32175667483531195,
    1.5649240670502436,
    0.49999530570289114,
    16.9954478077229,
    30.23626656293082,
    0.4300282876835713,
    1.8938917582205175
  ]
}