{
  "loss": 0.11734014493292745,
  "g_std": 0.03472500890980499,
  "r2_eh": 0.5237428250986993,
  "r2_0": 0.09339362809037655,
  "hunting_r2_gain": 0.43034919700832275,
  "crash_mse_eh": 0.15387512052999888,
  "crash_mse_0": 0.6983183197341081,
  "crash_mse_ratio_0_over_eh": 4.538214607561776,
  "hunt_explains_crash_window": true,
  "narr_g4": 0.41627698783138584,
  "narr_g65": 0.25397560184236456,
  "narr_g_hunt_min": 0.2604604573095598,
  "narr_g_post_mean": 0.28495673179932535,
  "narr_decline_rel": 0.37430973775237897,
  "narr_recovery_rel": 0.12198466943374041,
  "narr_decline_ok": true,
  "narr_recovery_ok": true,
  "mega": 8,
  "params_lin": [
    2.2994269425377554,
    0.004185006878163557,
    2.045462659497662,
    0.031020547035558507,
    0.19560683986812305,
    0.01594267741040191,
    0.0018857203825347626,
    0.8481199632908208,
    626.3317035972573,
    0.3333333333333333,
    0.17198780981258696,
    1.0,
    6.384445376343943,
    18.99671885909275,
    0.3127769156348438,
    0.8655481090230538
  ],
  "fixed_a3": 0.3333333333333333,
  "fixed_b4": 1.0
}