{
  "loss": 2.2152869882199075,
  "mse_hist_eh": 1.4800579745038,
  "hunting_gap": 5.7601119043267275,
  "penalty": 0.0,
  "speed_tier": 0,
  "stepsPerYear": 30,
  "atol": 0.001,
  "rtol": 0.001,
  "params_log": [
    -0.30969870243450237,
    -1.5723859286455175,
    0.39369469261348367,
    -0.7208926055650673,
    -1.34614100961976,
    -1.716234110284888,
    -2.2732556020372976,
    0.9519745142937145,
    2.382204512299082,
    -0.9524455477271009,
    -1.1425449727945252,
    -0.4479490766453102,
    1.2940255065585007,
    2.0958506161889887,
    -0.7413500653026366,
    -0.1440356291662137
  ],
  "params_lin": [
    0.49011872782442134,
    0.02676788583485465,
    2.475681051281532,
    0.19015484458630158,
    0.045067035413690414,
    0.01922055348650363,
    0.005330210960181329,
    8.953122243941031,
    241.1040537197176,
    0.11157180324149929,
    0.07202031676838339,
    0.3564929316817744,
    19.680018690726076,
    124.69545268457034,
    0.1814052846662356,
    0.7177354064267384
  ]
}