{
  "loss": 0.08360633781602728,
  "mse_hist_eh": 0.0753427166548199,
  "hunting_gap": 0.10426215046409687,
  "penalty": 0.0,
  "speed_tier": 0,
  "stepsPerYear": 30,
  "atol": 0.001,
  "rtol": 0.001,
  "params_log": [
    0.5320980918009945,
    -1.4342871169109257,
    -0.057921834420459395,
    -2.3428532946124654,
    -0.6583299453043334,
    -2.9932318117324717,
    -1.4645199453767364,
    0.21249088796293075,
    2.341862369194249,
    -0.4403218128543321,
    0.2742930970272636,
    -0.1245444246950847,
    1.1300234651720653,
    1.4907780493987046,
    -0.3863861597932803,
    0.22721590787774992
  ],
  "params_lin": [
    3.404850845846097,
    0.03678856799157694,
    0.8751412715161045,
    0.004540949847745886,
    0.21961907331168123,
    0.0010157063983695573,
    0.03431468800959657,
    1.6311386855553986,
    219.71634667473802,
    0.36280911304916763,
    1.8805855598030965,
    0.7506812617745148,
    13.490357697744667,
    30.95836736084453,
    0.41078430332318133,
    1.6873916973729453
  ]
}