{
  "loss": 0.18250657881523688,
  "g_std": 0.04808018020839252,
  "r2_eh": 0.22047926570947785,
  "r2_0": -1.1356238110184012,
  "hunting_r2_gain": 1.356103076727879,
  "crash_mse_eh": 0.3718037907225426,
  "crash_mse_0": 1.8651577146397247,
  "crash_mse_ratio_0_over_eh": 5.016510754261181,
  "hunt_explains_crash_window": true,
  "narr_g4": 0.4876547836978421,
  "narr_g65": 0.2704904767224365,
  "narr_g_hunt_min": 0.27717931399062357,
  "narr_g_post_mean": 0.4021819855805141,
  "narr_decline_rel": 0.43160751480708254,
  "narr_recovery_rel": 0.48686190348339253,
  "narr_decline_ok": true,
  "narr_recovery_ok": true,
  "mega": 1,
  "params_lin": [
    3.174656903998119,
    0.0005207435447588959,
    1.072636953851679,
    0.16476669502456287,
    0.12170339947200559,
    0.0038898798332151112,
    0.002716906586492632,
    1.2037240232101718,
    657.0237663469171,
    0.3333333333333333,
    3.034111133801017,
    1.0,
    14.381878136042104,
    38.21785235519822,
    0.31459398017632295,
    1.1412342143180703
  ],
  "fixed_a3": 0.3333333333333333,
  "fixed_b4": 1.0
}