{
  "loss": 0.33107054479670267,
  "mse_hist_eh": 0.3739994097543518,
  "hunting_gap": 0.4498030406563976,
  "penalty": 0.0,
  "speed_tier": 0,
  "stepsPerYear": 30,
  "atol": 0.001,
  "rtol": 0.001,
  "params_log": [
    0.1779358718408765,
    -2.385024702329701,
    0.7900623903987243,
    -1.7826729887693,
    -0.5544894181130338,
    -0.5808370099893194,
    -1.8401321751959252,
    1.23930293067471,
    2.6618949948885717,
    -0.7431659591761708,
    0.008406698492426368,
    0.03346287711285156,
    1.2526491402880433,
    0.9423975384591354,
    -0.12459890593516762,
    0.26600355611443194
  ],
  "params_lin": [
    1.506384616192849,
    0.004120740799800796,
    6.166835877703748,
    0.016494038776575976,
    0.2789398621148525,
    0.26252035931556356,
    0.014449999258409415,
    17.35013788937022,
    459.08699989100745,
    0.18064836732317446,
    1.0195457027601014,
    1.0800972917244205,
    17.891598357886583,
    8.757850724236953,
    0.7505870964498857,
    1.8450305267000493
  ]
}