{
  "loss": 0.10289120108202784,
  "mse_hist_eh": 0.10655280818575535,
  "hunting_gap": 0.24877577570256093,
  "penalty": 0.0,
  "speed_tier": 0,
  "stepsPerYear": 30,
  "atol": 0.001,
  "rtol": 0.001,
  "params_log": [
    0.5007181332502514,
    -1.2538233921902253,
    -0.10789781820569187,
    -1.9984243063066154,
    -1.0271716313764454,
    -3.110730637782067,
    -1.3708889313220978,
    0.28104287530193106,
    2.3513169109035283,
    -0.5546019482635893,
    0.10166986175682394,
    -0.5014393737390637,
    1.2520583732524888,
    1.5353696704901756,
    -0.3689589056703262,
    0.13584113664645703
  ],
  "params_lin": [
    3.1675110108847857,
    0.05574123771062544,
    0.7800136123133412,
    0.010036347585811584,
    0.09393520091864087,
    0.0007749422907926328,
    0.042570727175425954,
    1.9100418162861388,
    224.5519914119858,
    0.2788675953011714,
    1.263775296402643,
    0.31518143337141685,
    17.86727711679129,
    34.30596739278772,
    0.4276033454303529,
    1.3672286068240578
  ]
}