{
  "loss": 0.10538635105807935,
  "mse_hist_eh": 0.11011305923330254,
  "hunting_gap": 0.15769273491641506,
  "penalty": 0.0,
  "speed_tier": 0,
  "stepsPerYear": 30,
  "atol": 0.001,
  "rtol": 0.001,
  "params_log": [
    0.3949813858823138,
    -1.0762380174421229,
    0.27151100140306805,
    -2.1110795082837046,
    -0.8509263586083224,
    -3.0525794201453724,
    -1.3202773488439792,
    0.3529523617669176,
    2.1733402104973267,
    -0.4189545288635551,
    0.008588663208229819,
    -0.07909003187811484,
    1.249327684083328,
    1.6092271520498775,
    -0.396035140137994,
    0.005350245511987595
  ],
  "params_lin": [
    2.483026679026631,
    0.08390000419779219,
    1.8685770108263848,
    0.007743200265050802,
    0.14095277855426872,
    0.000885973189471571,
    0.04783245274817499,
    2.2539919557677632,
    149.05282460946168,
    0.3811057235166349,
    1.0199729709454821,
    0.8335083753704079,
    17.755286483497336,
    40.665596963839725,
    0.4017583020008291,
    1.0123955918893253
  ]
}