{
  "loss": 0.1336468482096514,
  "mse_hist_eh": 0.14237912073263717,
  "hunting_gap": 0.12864016598120556,
  "penalty": 0.0,
  "speed_tier": 0,
  "stepsPerYear": 30,
  "atol": 0.001,
  "rtol": 0.001,
  "params_log": [
    0.43968079296460805,
    -1.1135133747374848,
    0.3409190266904141,
    -1.9984211692387446,
    -0.7276251711099244,
    -3.0810069466648122,
    -1.4515137341311073,
    0.23099313938137578,
    2.30591717951147,
    -0.5298514257572027,
    0.047335210311671636,
    -0.1800880363875178,
    1.1913418391542734,
    1.6797425230485437,
    -0.3877566196828057,
    0.3230029103593164
  ],
  "params_lin": [
    2.752205085264078,
    0.07699927309328011,
    2.1923961295088032,
    0.010036420082282473,
    0.18722973770651666,
    0.0008298374939195172,
    0.0353578839344403,
    1.7021316193401441,
    202.26334232313818,
    0.29522190223349903,
    1.1151549341321128,
    0.6605595315709755,
    15.536093961200704,
    47.834641454563,
    0.4094900752725474,
    2.103792537969313
  ]
}