{
  "loss": 0.08649263921536753,
  "mse_hist_eh": 0.08595831080483161,
  "hunting_gap": 0.22306171180116935,
  "penalty": 0.0,
  "speed_tier": 0,
  "stepsPerYear": 30,
  "atol": 0.001,
  "rtol": 0.001,
  "params_log": [
    0.47574895704090103,
    -1.122911206775528,
    0.16171160679780527,
    -2.1727328923752394,
    -0.6686862670718229,
    -2.8654486960513808,
    -1.467508313763525,
    0.2886444612910939,
    2.2420272461645063,
    -0.47393327923444056,
    0.14987818362187688,
    -0.18755130004607218,
    1.0351446447051547,
    1.5222035557020341,
    -0.37442207580658254,
    0.2577572209101233
  ],
  "params_lin": [
    2.9905354645120124,
    0.07535096060050044,
    1.4511476631226419,
    0.006718419342256315,
    0.21444391776310462,
    0.001363174030772192,
    0.034079380087176724,
    1.9437681484873188,
    174.59316833236878,
    0.3357891976555496,
    1.4121413938889409,
    0.6493049293809163,
    10.842879833125554,
    33.28155088110761,
    0.4222580367835775,
    1.8103278011344215
  ]
}