{
  "loss": 0.08757561293721666,
  "mse_hist_eh": 0.07189005370699436,
  "hunting_gap": 0.105043795206957,
  "penalty": 0.0,
  "speed_tier": 0,
  "stepsPerYear": 30,
  "atol": 0.001,
  "rtol": 0.001,
  "params_log": [
    0.5497903706255676,
    -1.2758567398785714,
    0.06000713486991269,
    -2.0614028278841046,
    -0.7923235114726418,
    -3.072332146344004,
    -1.5417928840729975,
    0.2407173287584738,
    2.3194191023993143,
    -0.3385459720908236,
    0.08865730430082669,
    -0.1595446155483027,
    1.2324815858779457,
    1.5313934040258907,
    -0.37030638067758737,
    0.11340354232030835
  ],
  "params_lin": [
    3.5464216587302837,
    0.05298381920613547,
    1.1481724842601966,
    0.008681548026523968,
    0.16131564484328142,
    0.0008465797063771453,
    0.028721499896686827,
    1.7406735444298576,
    208.65034271890846,
    0.45862109605256357,
    1.2264710580711558,
    0.6925567786655099,
    17.07975300230021,
    33.99330602515771,
    0.4262786869064134,
    1.2983851578423
  ]
}