{
  "loss": 0.08651034881539811,
  "mse_hist_eh": 0.08881579721954713,
  "hunting_gap": 0.22890731934261593,
  "penalty": 0.0,
  "speed_tier": 0,
  "stepsPerYear": 30,
  "atol": 0.001,
  "rtol": 0.001,
  "params_log": [
    0.41005162152104946,
    -1.2173432139648948,
    0.026516992648683672,
    -2.1795686789620303,
    -0.8713988195444926,
    -3.1493841922304773,
    -1.5535934220218788,
    0.42292957882892573,
    2.4097120805298347,
    -0.46295903197728644,
    0.21706281566138935,
    -0.08174890473466695,
    1.1949064599994426,
    1.5151416148543049,
    -0.3651005992923277,
    0.17496287816476327
  ],
  "params_lin": [
    2.570701325739533,
    0.06062570278068077,
    1.0629601729255105,
    0.006613499438933673,
    0.13446249963537213,
    0.0007089503279885026,
    0.027951593901458516,
    2.648070717169097,
    256.8692280284134,
    0.34438241563658195,
    1.6484007963466902,
    0.8284209919634484,
    15.664136536302932,
    32.744745161995425,
    0.43141913200189247,
    1.4961077690452527
  ]
}