{
  "loss": 0.08323339884275406,
  "mse_hist_eh": 0.08277851067610856,
  "hunting_gap": 0.22955510236174495,
  "penalty": 0.0,
  "speed_tier": 0,
  "stepsPerYear": 30,
  "atol": 0.001,
  "rtol": 0.001,
  "params_log": [
    0.36012912325488144,
    -1.1220992081834735,
    0.09201405369187313,
    -2.115216237510766,
    -0.8390410198932066,
    -3.042582719481409,
    -1.5233909641217382,
    0.34579216719912587,
    2.270203334100717,
    -0.5030596958376009,
    0.1899920271382849,
    -0.27377875463825185,
    1.2199615303827218,
    1.496670296592638,
    -0.36380868796066823,
    0.0641496717248672
  ],
  "params_lin": [
    2.291548868574967,
    0.07549197576575499,
    1.2359874291298503,
    0.007669795111355411,
    0.14486350209053545,
    0.0009066032686419032,
    0.029964638033479717,
    2.2171351498512037,
    186.2959158938501,
    0.31400770457188243,
    1.5487881856997838,
    0.532379403574127,
    16.59439908458089,
    31.381254181875274,
    0.43270440064686283,
    1.1591767765993581
  ]
}