{
  "loss": 1034.8125819500196,
  "mse_hist_eh": 18.36026999416854,
  "hunting_gap": 31.24942761286873,
  "penalty": 1013.6610746940491,
  "speed_tier": 0,
  "stepsPerYear": 30,
  "atol": 0.001,
  "rtol": 0.001,
  "params_log": [
    -0.07199971840618069,
    -1.377364073397577,
    0.5190643720418557,
    -1.2838287603336611,
    -0.7230401326308531,
    -1.9573304701848062,
    -3.2323012534182203,
    0.7060472824961477,
    2.529274972405383,
    -1.0329855054020394,
    0.9186110502179929,
    1.6828230707339498,
    -1.0238968600445517,
    0.4427254585037011
  ],
  "params_lin": [
    0.8472279634777182,
    0.04194072433008302,
    3.304185127345334,
    0.05202010682111542,
    0.18921687575261117,
    0.011032388066036528,
    0.0005857317239418344,
    5.082147698922904,
    338.2789488403538,
    0.3333333333333333,
    0.09268607568827915,
    1.0,
    8.29107894195063,
    48.175149464037816,
    0.09464619085188905,
    2.771567490066805
  ],
  "fixed_a3": 0.3333333333333333,
  "fixed_b4": 1.0
}