{
  "loss": 9.261731047427883,
  "mse_hist_eh": 8.8639874514534,
  "hunting_gap": 2.801949747274737,
  "penalty": 0.0,
  "speed_tier": 0,
  "stepsPerYear": 30,
  "atol": 0.001,
  "rtol": 0.001,
  "params_log": [
    -0.107418341779972,
    -3.143045622911373,
    0.19343330327116584,
    -1.3535134069723744,
    -1.1334032450507392,
    -1.2248253983711268,
    -1.8881081917414138,
    0.7235768379282439,
    1.94863993072364,
    -0.5545394087430794,
    -0.6797976145472296,
    -0.8484958857049327,
    0.738645062144587,
    0.7059850808815694,
    -0.984086035572864,
    -0.6389375655939645
  ],
  "params_lin": [
    0.780875250404554,
    0.0007193734034009089,
    1.5611092723687858,
    0.04430845359507173,
    0.07355238420085776,
    0.059590166876868134,
    0.01293873470644007,
    5.291476088282511,
    88.8464195501117,
    0.2789077558424701,
    0.2090269990069049,
    0.1417438139499956,
    5.47829055133118,
    5.081419862929719,
    0.1037322897410347,
    0.22964787673934992
  ]
}