{
  "loss": 0.9654057687490808,
  "mse_hist_eh": 0.8183016224319927,
  "hunting_gap": 0.49764087458968975,
  "penalty": 0.3077383216375983,
  "speed_tier": 0,
  "stepsPerYear": 30,
  "atol": 0.001,
  "rtol": 0.001,
  "params_log": [
    0.36831530016050745,
    -1.4193786577765974,
    0.10032299343851536,
    -2.475087891560654,
    -0.5825607638282004,
    -3.0311322142950075,
    -1.4456831332671563,
    0.7948558783484969,
    2.13065636880802,
    -0.5715895822418657,
    0.38418769791736096,
    -0.35177869458561356,
    0.8790140589240579,
    1.6160011995224641,
    -0.4132149630163273,
    -0.17397468568272328
  ],
  "params_lin": [
    2.3351527806631243,
    0.03807337200456098,
    1.2598620479004234,
    0.0033489765644914753,
    0.26148045750765986,
    0.0009308244570972796,
    0.0358357804117457,
    6.23527881942213,
    135.10031723462913,
    0.26817013940377304,
    2.4220756184553074,
    0.44485789798399644,
    7.5685739551283735,
    41.30486428299884,
    0.38617578406670483,
    0.6699236570362299
  ]
}