{
  "loss": 0.14677120838064311,
  "mse_hist_eh": 0.1376399318101779,
  "hunting_gap": 0.12548611824725311,
  "penalty": 0.0,
  "speed_tier": 0,
  "stepsPerYear": 30,
  "atol": 0.001,
  "rtol": 0.001,
  "params_log": [
    0.7373261485795816,
    -1.7408030920368365,
    0.30011966124142564,
    -2.0773846320772384,
    -1.1192612717281074,
    -2.0342907059654807,
    -1.7092989968781833,
    -0.14952066840987144,
    2.863728356470333,
    -0.44890033490187686,
    1.268928013074056,
    0.8161076555956037,
    -0.7167718014796349,
    0.13574745277087505
  ],
  "params_lin": [
    5.46167870917098,
    0.018163389993817957,
    1.9958121457190583,
    0.00836787854290614,
    0.075986900192042,
    0.009240794110076325,
    0.01952994423044928,
    0.7087275767557321,
    730.6819118884229,
    0.3333333333333333,
    0.35571294082998034,
    1.0,
    18.574965383347443,
    6.547984694355131,
    0.19196771633791876,
    1.3669337067830845
  ],
  "fixed_a3": 0.3333333333333333,
  "fixed_b4": 1.0
}