{
  "loss": 0.27988593608960344,
  "mse_hist_eh": 0.29846717200815936,
  "hunting_gap": 0.7672355294278306,
  "penalty": 0.0,
  "speed_tier": 0,
  "stepsPerYear": 30,
  "atol": 0.001,
  "rtol": 0.001,
  "params_log": [
    0.45150325423919424,
    -1.2983073636884146,
    -0.021388289073363875,
    -2.0461651770081013,
    -0.7877225422134447,
    -2.90713225337133,
    -1.2832666721068056,
    0.2621105917640802,
    2.4392249700310247,
    -0.6954304492840618,
    0.21967231911457621,
    -0.5228508808669198,
    1.0334070522593573,
    1.560992275437025,
    -0.548051396016579,
    0.21569117564516938
  ],
  "params_lin": [
    2.828155302795782,
    0.05031443918426108,
    0.951944679560108,
    0.008991555369617491,
    0.163033727383564,
    0.0012384193998784142,
    0.05208747774324294,
    1.828565795558959,
    274.9317965751194,
    0.20163668587866296,
    1.6583351996131113,
    0.30001924867238083,
    10.799584633476794,
    36.390856342324284,
    0.28310569382162437,
    1.6432028354077541
  ]
}