{
  "loss": 0.26692793747213545,
  "mse_hist_eh": 0.25659904909085635,
  "hunting_gap": 0.9544149303079028,
  "penalty": 0.0,
  "speed_tier": 0,
  "stepsPerYear": 30,
  "atol": 0.001,
  "rtol": 0.001,
  "params_log": [
    -0.04714738419814363,
    -0.7494618147691816,
    -0.20727011983993826,
    -0.9319120452025482,
    -0.6606725072096733,
    -0.8181591051050738,
    -2.251914752706635,
    0.6673336736857891,
    2.815025688942069,
    0.6760860321972584,
    1.163073749497887,
    1.5052819350783375,
    -0.6121916385203428,
    -0.13247019257515377
  ],
  "params_lin": [
    0.8971242905570534,
    0.17804844506098705,
    0.6204829899522271,
    0.11697362660047898,
    0.21843764855983394,
    0.15199905745450484,
    0.005598674866214659,
    4.648723050459478,
    653.1691870991264,
    0.3333333333333333,
    4.743359402220663,
    1.0,
    14.557062596166261,
    32.00972441054203,
    0.24423525926040984,
    0.737105764216254
  ],
  "fixed_a3": 0.3333333333333333,
  "fixed_b4": 1.0
}