{
  "source_checkpoint": "/home/eochis/code/research/Wins (assigned)/good #1/checkpoint.json",
  "params_lin_original_a3_b4": [
    0.3901147113671109,
    0.8009464632919426
  ],
  "params_lin_set_to": {
    "a3_index_9": 0.3333333333333333,
    "b4_index_11": 1.0
  },
  "params_lin_full": [
    3.219178787856233,
    0.07075323118716503,
    1.636114046899971,
    0.011227972449290212,
    0.1791096293280125,
    0.0009729511987533224,
    0.031008483466192706,
    1.8301843871298769,
    172.24744979281866,
    0.3333333333333333,
    1.1094748633284708,
    1.0,
    13.175227866732552,
    28.247879750055088,
    0.4240653351593722,
    1.7572075170162595
  ]
}