{
  "loss": 33.349950068557995,
  "mse_hist_eh": 0.5965766845121592,
  "hunting_gap": 0.46950063131198183,
  "penalty": 32.82781194389546,
  "speed_tier": 0,
  "stepsPerYear": 30,
  "atol": 0.001,
  "rtol": 0.001,
  "params_log": [
    0.25076907603824145,
    -3.445299869121392,
    0.5257298909560844,
    -1.5348300488136966,
    -0.5706806849451556,
    -1.3133065427020707,
    -1.5876303774577532,
    0.46299542730443166,
    1.9326059111351839,
    -0.7280334030788085,
    -1.7219909010986336,
    -0.3751803550278828,
    0.8601432633161201,
    1.606521582025061,
    -0.20776937754663066,
    0.07034503439758269
  ],
  "params_lin": [
    1.781431289236706,
    0.00035867419385967816,
    3.355288674716979,
    0.02918568905572975,
    0.2687319571407822,
    0.048606400084845305,
    0.025844588551273202,
    2.9039920781109223,
    85.62605019960502,
    0.18705382653165004,
    0.01896745659503029,
    0.4215214164822726,
    7.2467497351464925,
    40.41304570549518,
    0.6197701028762298,
    1.175831347932554
  ]
}