{
  "loss": 1039.8798635194341,
  "mse_hist_eh": 3.7834668070221333,
  "hunting_gap": 7.013747610735354,
  "penalty": 1033.0862148506267,
  "speed_tier": 0,
  "stepsPerYear": 30,
  "atol": 0.001,
  "rtol": 0.001,
  "params_log": [
    -0.23291266876265482,
    -3.8436961561747793,
    -0.8604653567788039,
    -1.450281409555736,
    -0.6781528611125411,
    -0.9513104257381519,
    -3.45740898492848,
    0.9420103480071478,
    0.2135170147306471,
    0.7742292732658476,
    0.8982889248663408,
    1.4662511395249527,
    -0.9145884810543959,
    0.18925250068187693
  ],
  "params_lin": [
    0.5849076900062276,
    0.0001433190246133992,
    0.1378905942481374,
    0.03545835554682588,
    0.20982012377491052,
    0.11186380156788162,
    0.00034881167692054244,
    8.750046238603522,
    1.6349972055751019,
    0.3333333333333333,
    5.946059808769979,
    1.0,
    7.912048210166163,
    29.258438168157152,
    0.12173389528363655,
    1.54615311834607
  ],
  "fixed_a3": 0.3333333333333333,
  "fixed_b4": 1.0
}