{
  "loss": 0.08048926463199618,
  "mse_hist_eh": 0.07349932553247525,
  "hunting_gap": 0.18012503802753588,
  "penalty": 0.0,
  "speed_tier": 0,
  "stepsPerYear": 30,
  "atol": 0.001,
  "rtol": 0.001,
  "params_log": [
    0.5117393822209573,
    -1.1602006586159133,
    0.008056701042457655,
    -1.939746258204244,
    -0.939950296089943,
    -2.947909442973231,
    -1.523728257792683,
    0.2894977205146919,
    2.19883946684556,
    -0.36149477358474696,
    0.10208842345327013,
    -0.48767600084255036,
    1.3379635506079257,
    1.500158529101441,
    -0.3614258448506096,
    0.25889627296348305
  ],
  "params_lin": [
    3.248922727719835,
    0.06915113956408285,
    1.0187243829834596,
    0.01148824640122058,
    0.11482850323079014,
    0.0011274325185522424,
    0.02994137511061131,
    1.9475908275783025,
    158.06636527845333,
    0.4350159956973387,
    1.264993877201387,
    0.3253299145814559,
    21.77527009574028,
    31.634321867956647,
    0.43508504442537976,
    1.8150820961953582
  ]
}