{
  "loss": 0.24836727703033354,
  "g_std": 0.05870360737095549,
  "r2_eh": 0.003072563909156001,
  "r2_0": -2.206737522017841,
  "hunting_r2_gain": 2.209810085926997,
  "crash_mse_eh": 0.059602369152344147,
  "crash_mse_0": 2.351548729470533,
  "crash_mse_ratio_0_over_eh": 39.45394726542667,
  "hunt_explains_crash_window": true,
  "narr_g4": 0.6205987962340624,
  "narr_g65": 0.07630195269425773,
  "narr_g_hunt_min": 0.0789894743894617,
  "narr_g_post_mean": 0.4838896712010059,
  "narr_decline_rel": 0.8727205470885399,
  "narr_recovery_rel": 5.341773031657276,
  "narr_decline_ok": true,
  "narr_recovery_ok": true,
  "mega": 18,
  "params_lin": [
    2.8487214106479866,
    0.07495560604215777,
    0.17242816136521155,
    0.003734842136417045,
    0.30996077032082053,
    0.05928863721234919,
    0.08196517460790233,
    3.732988937007517,
    56.79875869682466,
    0.4659159633297468,
    2.690329329394079,
    0.020529685691049907,
    6.548875879761433,
    5.280620031278973,
    0.6508438896693922,
    1.5930265489232018
  ]
}