{
  "loss": 0.10863731444990557,
  "mse_hist_eh": 0.10322157395995164,
  "hunting_gap": 0.09367334137335122,
  "penalty": 0.0,
  "speed_tier": 0,
  "stepsPerYear": 30,
  "atol": 0.001,
  "rtol": 0.001,
  "params_log": [
    0.3994954440294227,
    -1.5780992817791564,
    0.13932230884404678,
    -1.9287705737347147,
    -0.7749496325523609,
    -3.1216552008769027,
    -1.3012409877601065,
    0.25886968486483236,
    1.9802625748152929,
    -0.3541121044470749,
    -0.008909153439085937,
    -0.2634793088677388,
    1.2123960926160189,
    1.5852247726339113,
    -0.398478956924851,
    -0.10143132192654059
  ],
  "params_lin": [
    2.50896985895411,
    0.02641804759183659,
    1.3782319353655343,
    0.011782282358960504,
    0.16789987292700873,
    0.000755691955564257,
    0.0499757145369837,
    1.8149709778030803,
    95.5570149936155,
    0.4424741417571784,
    0.9796948984523376,
    0.5451558679817607,
    16.30782688668579,
    38.479088216205476,
    0.3995039181909015,
    0.7917146441897651
  ]
}