{
  "loss": 0.11900028513998498,
  "g_std": 0.034771768905559886,
  "r2_eh": 0.5156297706425503,
  "r2_0": 0.09300762346715086,
  "hunting_r2_gain": 0.4226221471753995,
  "crash_mse_eh": 0.1593235357020783,
  "crash_mse_0": 0.6986699061214087,
  "crash_mse_ratio_0_over_eh": 4.38522722357529,
  "hunt_explains_crash_window": true,
  "narr_g4": 0.41598213884165636,
  "narr_g65": 0.25610104543881385,
  "narr_g_hunt_min": 0.258034638004059,
  "narr_g_post_mean": 0.2842921487785518,
  "narr_decline_rel": 0.37969779399115566,
  "narr_recovery_rel": 0.11007804822255267,
  "narr_decline_ok": true,
  "narr_recovery_ok": true,
  "mega": 5,
  "params_lin": [
    2.2994269425377554,
    0.004185006878163557,
    2.045462659497662,
    0.031020547035558507,
    0.19560683986812305,
    0.01594267741040191,
    0.0018857203825347626,
    0.8481199632908208,
    626.3317035972573,
    0.3333333333333333,
    0.17198780981258696,
    1.0,
    6.384445376343943,
    18.99671885909275,
    0.3127769156348438,
    0.8655481090230538
  ],
  "fixed_a3": 0.3333333333333333,
  "fixed_b4": 1.0
}