{
  "loss": 0.08155908228372048,
  "mse_hist_eh": 0.07490999828128028,
  "hunting_gap": 0.18440612588094138,
  "penalty": 0.0,
  "speed_tier": 0,
  "stepsPerYear": 30,
  "atol": 0.001,
  "rtol": 0.001,
  "params_log": [
    0.630136841069131,
    -1.5145109557650125,
    -0.10813084611398333,
    -2.064232366197416,
    -0.7530047643165533,
    -2.983166829596898,
    -1.5035129543505659,
    0.1959152919599109,
    2.2237458284658738,
    -0.3906631858688002,
    0.16703845786632565,
    -0.31289291341222036,
    1.0778195913060384,
    1.4528494652410426,
    -0.38246407505487373,
    0.3459733029122522
  ],
  "params_lin": [
    4.267139501545962,
    0.03058363093492484,
    0.7795951953352034,
    0.008625169406864608,
    0.17660184469261422,
    0.0010395207682969661,
    0.03136801562694727,
    1.5700565389101295,
    167.3962899846828,
    0.4067586657871416,
    1.469056360511828,
    0.48652715681314024,
    11.962435009100082,
    28.36935521985787,
    0.4145108710598318,
    2.2180600663193673
  ]
}