{
  "loss": 0.5129596389422479,
  "mse_hist_eh": 0.4696057087752136,
  "hunting_gap": 1.6433680011177483,
  "penalty": 0.0,
  "speed_tier": 0,
  "stepsPerYear": 30,
  "atol": 0.001,
  "rtol": 0.001,
  "params_log": [
    -0.0032244126358956793,
    -0.9808887490135367,
    -0.022347047827626143,
    -2.4394738407326306,
    -0.8431430544807725,
    -2.7758523775677104,
    -1.410016772257123,
    0.586099220224725,
    2.3909926186518664,
    -0.5682551804186065,
    0.18407590364910056,
    -0.6709564985994196,
    1.0579068568315793,
    1.7246772820645973,
    -0.6156194027005647,
    -0.06380117853018924
  ],
  "params_lin": [
    0.9926030089322202,
    0.10449878741130676,
    0.9498454619987057,
    0.003635182000197669,
    0.14350166680143714,
    0.001675512308012558,
    0.038903012053627256,
    3.855664352726532,
    246.03257876469624,
    0.2702370053450394,
    1.5278330613335616,
    0.2133258581734259,
    11.426332478748716,
    53.04900982289744,
    0.24231516640561454,
    0.8633737126863305
  ]
}