{
  "loss": 0.08140923843134407,
  "g_std": 0.04504256537710845,
  "r2_eh": 0.7114601540357107,
  "r2_0": 0.02610208149007831,
  "hunting_r2_gain": 0.6853580725456324,
  "crash_mse_eh": 0.006294875614677737,
  "crash_mse_0": 0.7398208464395566,
  "crash_mse_ratio_0_over_eh": 117.52747657110042,
  "hunt_explains_crash_window": true,
  "narr_g4": 0.5624538701438078,
  "narr_g65": 0.10175205540727675,
  "narr_g_hunt_min": 0.10421804875766834,
  "narr_g_post_mean": 0.4272658635610392,
  "narr_decline_rel": 0.8147082719055161,
  "narr_recovery_rel": 3.199088250863925,
  "narr_decline_ok": true,
  "narr_recovery_ok": true,
  "mega": 2,
  "params_lin": [
    4.107055511143494,
    0.06642637389695427,
    0.8609672836443638,
    0.011865872546707236,
    0.17204647080404034,
    0.0012592712471321541,
    0.030699775966067242,
    1.7346760569870645,
    200.60938123921898,
    0.4229629500312729,
    1.4651221107534433,
    0.5800133052787838,
    13.179697467631245,
    29.93882982821201,
    0.41206460095917646,
    2.343807762955817
  ]
}