{
  "loss": 0.3223607886087592,
  "mse_hist_eh": 0.3458583641638189,
  "hunting_gap": 0.6432587879932674,
  "penalty": 0.0,
  "speed_tier": 0,
  "stepsPerYear": 30,
  "atol": 0.001,
  "rtol": 0.001,
  "params_log": [
    0.12399654378748395,
    -3.393339345618175,
    0.6448780204519164,
    -1.154040265876895,
    -0.7587235067620326,
    -1.6081988310165016,
    -1.6402627192543515,
    0.9246679588980613,
    2.2835920408365373,
    -0.7894585899749476,
    -1.2285222996163576,
    -0.86203258813247,
    1.3217374215052293,
    0.8047703466739429,
    -0.0978991698910764,
    0.23424651877627828
  ],
  "params_lin": [
    1.3304438299667167,
    0.00040425989083155936,
    4.414464416327141,
    0.07013902655803936,
    0.17429161464295806,
    0.024649105803560438,
    0.02289482249401609,
    8.407520964090557,
    192.12861003409708,
    0.16238331757670826,
    0.05908506265280818,
    0.13739388749644446,
    20.976712285503865,
    6.379260640262458,
    0.7981799791280592,
    1.7149304780567736
  ]
}