{
  "loss": 0.08741462261723286,
  "mse_hist_eh": 0.0868166787124735,
  "hunting_gap": 0.22046762560879962,
  "penalty": 0.0,
  "speed_tier": 0,
  "stepsPerYear": 30,
  "atol": 0.001,
  "rtol": 0.001,
  "params_log": [
    0.38999245450068876,
    -1.1948959201208618,
    -0.030018937494401293,
    -1.9060249209786826,
    -1.0023933671984324,
    -3.08628759921725,
    -1.4553279752284287,
    0.2897960022473881,
    2.1996130483218836,
    -0.5050004807463673,
    0.15852241155103178,
    -0.341115941341534,
    1.3199279956337495,
    1.4504078322914942,
    -0.37455135751087953,
    0.007684493218422683
  ],
  "params_lin": [
    2.45466626756422,
    0.06384164661385304,
    0.9332136069509713,
    0.01241581060307001,
    0.09945042256941142,
    0.0008198084695975943,
    0.03504870893331223,
    1.9489289295659953,
    158.3481698703976,
    0.3126075906682871,
    1.440530346181353,
    0.45591518639457995,
    20.889497622499945,
    28.21030829134917,
    0.4221323568211097,
    1.017851669276423
  ]
}