{
  "loss": 0.08172072422342595,
  "g_std": 0.04399975776433308,
  "r2_eh": 0.7119809511269661,
  "r2_0": 0.045269720732297514,
  "hunting_r2_gain": 0.6667112303946686,
  "crash_mse_eh": 0.016051523205232062,
  "crash_mse_0": 0.7330032517551092,
  "crash_mse_ratio_0_over_eh": 45.66565068856008,
  "hunt_explains_crash_window": true,
  "narr_g4": 0.5800000693503603,
  "narr_g65": 0.08412004343205912,
  "narr_g_hunt_min": 0.08624521207594987,
  "narr_g_post_mean": 0.47042540745443023,
  "narr_decline_rel": 0.8513013748018138,
  "narr_recovery_rel": 4.592310508518297,
  "narr_decline_ok": true,
  "narr_recovery_ok": true,
  "mega": 2,
  "params_lin": [
    3.671628038632147,
    0.06524526576704094,
    1.3024193076703754,
    0.011621788431742412,
    0.2156160396421993,
    0.0009588822049504865,
    0.02896141967984005,
    2.0005020589963816,
    209.40670052782983,
    0.4345958425034068,
    1.2165903293300648,
    0.6871726338686622,
    10.75837643184803,
    34.81956252278961,
    0.43513133018308375,
    2.0941653271990135
  ]
}