{
  "loss": 0.11431873700658672,
  "mse_hist_eh": 0.11899560923744756,
  "hunting_gap": 0.2580609908567127,
  "penalty": 0.0,
  "speed_tier": 0,
  "stepsPerYear": 30,
  "atol": 0.001,
  "rtol": 0.001,
  "params_log": [
    0.41571228257245,
    -1.121639928556979,
    0.04833430274427704,
    -2.2983800845127558,
    -0.8309107542528027,
    -3.084589331652969,
    -1.510089500155081,
    0.27958752623880634,
    2.210298778036173,
    -0.4629662181727371,
    0.2286302824039012,
    -0.23463491218164567,
    1.0973070784184664,
    1.6503362828515664,
    -0.37915061170084463,
    -0.013798187824098584
  ],
  "params_lin": [
    2.6044275610663234,
    0.0755718530555927,
    1.1177232959830439,
    0.005030601494373124,
    0.1476009816118719,
    0.0008230205293446685,
    0.030896586447239735,
    1.903651854465177,
    162.2926224719938,
    0.34437671724763913,
    1.6928960139178848,
    0.5825927661170754,
    12.511433687168468,
    44.70296020807985,
    0.4176854897621588,
    0.968727909574832
  ]
}