{
  "loss": 0.13130747626399028,
  "g_std": 0.06458948624472154,
  "r2_eh": 0.43731088194519374,
  "r2_0": 0.03869625165479229,
  "hunting_r2_gain": 0.39861463029040145,
  "crash_mse_eh": 0.056764692997838435,
  "crash_mse_0": 0.6625716820540765,
  "crash_mse_ratio_0_over_eh": 11.672249897795352,
  "hunt_explains_crash_window": true,
  "narr_g4": 0.596206193522315,
  "narr_g65": 0.033068254444745225,
  "narr_g_hunt_min": 0.03409174922111215,
  "narr_g_post_mean": 0.5106741644458574,
  "narr_decline_rel": 0.9428188594242523,
  "narr_recovery_rel": 14.44303316209586,
  "narr_decline_ok": true,
  "narr_recovery_ok": true,
  "mega": 1,
  "params_lin": [
    1.842894478232194,
    0.05734133815636155,
    1.1847908362436848,
    0.005571819186944556,
    0.16130028180669095,
    0.001461400567931282,
    0.06237453018141452,
    3.63259984536414,
    148.77698763430138,
    0.4157586134490347,
    1.9397275815676038,
    0.40415057872671434,
    16.617754479596087,
    65.75307159895989,
    0.4165338401898747,
    1.0532337277625268
  ]
}