{
  "loss": 0.14677120838064311,
  "g_std": 0.07531403180951918,
  "r2_eh": 0.4750629305308395,
  "r2_0": -0.00352140401111245,
  "hunting_r2_gain": 0.47858433454195193,
  "crash_mse_eh": 0.09226939688033717,
  "crash_mse_0": 0.5020900174474041,
  "crash_mse_ratio_0_over_eh": 5.441566049175717,
  "hunt_explains_crash_window": true,
  "narr_g4": 0.2928068023603822,
  "narr_g65": 0.047149868127936305,
  "narr_g_hunt_min": 0.0479840696342073,
  "narr_g_post_mean": 0.24314111739727448,
  "narr_decline_rel": 0.8361237850913277,
  "narr_recovery_rel": 4.156771861604454,
  "narr_decline_ok": true,
  "narr_recovery_ok": true,
  "mega": 4,
  "params_lin": [
    5.46167870917098,
    0.018163389993817957,
    1.9958121457190583,
    0.00836787854290614,
    0.075986900192042,
    0.009240794110076325,
    0.01952994423044928,
    0.7087275767557321,
    730.6819118884229,
    0.3333333333333333,
    0.35571294082998034,
    1.0,
    18.574965383347443,
    6.547984694355131,
    0.19196771633791876,
    1.3669337067830845
  ],
  "fixed_a3": 0.3333333333333333,
  "fixed_b4": 1.0
}