{
  "loss": 0.08244616952252361,
  "mse_hist_eh": 0.07819299248080026,
  "hunting_gap": 0.19036425757452463,
  "penalty": 0.0,
  "speed_tier": 0,
  "stepsPerYear": 30,
  "atol": 0.001,
  "rtol": 0.001,
  "params_log": [
    0.576766126740853,
    -1.2781009475547174,
    0.14694680010653166,
    -2.002167758343124,
    -0.7115440759471516,
    -3.0739740382528593,
    -1.5494253379184506,
    0.2951628970117654,
    2.3359151610400692,
    -0.4033541954753814,
    0.09930329180800335,
    -0.14888928079012456,
    1.0755593540247124,
    1.5543047016626894,
    -0.36231761817198066,
    0.30333022772197815
  ],
  "params_lin": [
    3.773689180993476,
    0.052710732617900574,
    1.4026418742210789,
    0.009950209885299294,
    0.19429244970983028,
    0.0008433851730909185,
    0.02822114707485642,
    1.9731626995456373,
    216.72806875127148,
    0.39504430425566034,
    1.2569074251004766,
    0.7097586910662467,
    11.900339572417321,
    35.834776625846224,
    0.43419256439128767,
    2.0106210623877376
  ]
}