{
  "loss": 0.10109891217860634,
  "mse_hist_eh": 0.10564213056061493,
  "hunting_gap": 0.1606400276188874,
  "penalty": 0.0,
  "speed_tier": 0,
  "stepsPerYear": 30,
  "atol": 0.001,
  "rtol": 0.001,
  "params_log": [
    0.41777264940023257,
    -1.1660977163493391,
    -0.13722841147663728,
    -2.052943978861974,
    -0.9801880189958119,
    -2.827431787753,
    -1.4777086838412827,
    0.3890938297881396,
    2.3540010745819266,
    -0.4131151580278587,
    0.20016708132145183,
    -0.10683207940685727,
    1.254276563987355,
    1.633002172555596,
    -0.37043829519714777,
    0.02036863024015889
  ],
  "params_lin": [
    2.6168127635452625,
    0.06821851850630888,
    0.7290739625310498,
    0.008852297912999369,
    0.10466753130805599,
    0.001487881049025642,
    0.03328827696066454,
    2.449592421745076,
    225.94413607867068,
    0.3862645411205256,
    1.585503048225991,
    0.7819300805498659,
    17.95876898934597,
    42.9538575523715,
    0.4261492268021318,
    1.0480177306927634
  ]
}