{
  "loss": 0.49706721916245755,
  "g_std": 0.04139781364098867,
  "r2_eh": -1.4458750728447387,
  "r2_0": -2.3826600452892435,
  "hunting_r2_gain": 0.9367849724445048,
  "crash_mse_eh": 1.045607825515119,
  "crash_mse_0": 1.951321251850637,
  "crash_mse_ratio_0_over_eh": 1.866207582070698,
  "hunt_explains_crash_window": true,
  "narr_g4": 0.41197157349685026,
  "narr_g65": 0.00044904148169929207,
  "narr_g_hunt_min": 5.035376732464662e-05,
  "narr_g_post_mean": 0.3898356060230301,
  "narr_decline_rel": 0.9998777712579171,
  "narr_recovery_rel": 867.1486115696493,
  "narr_decline_ok": true,
  "narr_recovery_ok": true,
  "mega": 1,
  "params_lin": [
    4.5226981215041056,
    0.0004067022762883758,
    1.1341079345515388,
    0.033076409172868006,
    0.2395029213188827,
    0.000461066505328763,
    0.014830951564108956,
    0.8267214915961215,
    625.853837624054,
    0.20144555111781992,
    3.985087585111661,
    0.4519383826526913,
    18.94488920173224,
    62.62652269545353,
    0.19725606706190543,
    2.621769103243895
  ]
}