{
  "loss": 12.426056141043965,
  "mse_hist_eh": 0.8529630915645985,
  "hunting_gap": 1.0063409618737882,
  "penalty": 11.62442849148702,
  "speed_tier": 0,
  "stepsPerYear": 30,
  "atol": 0.001,
  "rtol": 0.001,
  "params_log": [
    0.11924949906028828,
    -2.9612719876625873,
    0.4844281945338247,
    -0.7591551060926495,
    -0.8709588735525149,
    -1.4995410551390134,
    -2.085644706388792,
    0.5184735513957335,
    1.9199037935275376,
    -0.4267508483645387,
    -0.11652230955170928,
    0.042605748523182996,
    1.1256819235621387,
    1.422274898759973,
    -0.2971249718581174,
    0.1002219785576614
  ],
  "params_lin": [
    1.315980636492272,
    0.001093271463527162,
    3.050901556878304,
    0.1741184906889001,
    0.1345987809223646,
    0.03165621193773581,
    0.008210229434160035,
    3.299693121143878,
    83.15795362135525,
    0.3743252744146157,
    0.7646764062772655,
    1.103076794806068,
    13.356169549694803,
    26.44081872835582,
    0.5045160979597184,
    1.259569043912327
  ]
}