{
  "loss": 0.19823126645316025,
  "mse_hist_eh": 0.22692624260602848,
  "hunting_gap": 0.16430410754871808,
  "penalty": 0.0,
  "speed_tier": 0,
  "stepsPerYear": 30,
  "atol": 0.001,
  "rtol": 0.001,
  "params_log": [
    0.4987960309577648,
    -0.9056452508751334,
    -0.05361211310323846,
    -2.4537889071512353,
    -0.5252367668876757,
    -3.0485448059869094,
    -1.5094853452428774,
    0.3271668147883863,
    2.4072223730747098,
    -0.507009458171253,
    0.5043888656107386,
    -0.5688977267543651,
    1.300135651738434,
    1.4774171324029928,
    -0.41927825074471875,
    0.18256173834008826
  ],
  "params_lin": [
    3.15352320418918,
    0.12426669532664868,
    0.8838689690076154,
    0.0035173136126666472,
    0.2983755503815981,
    0.0008942422685583073,
    0.030939597157263184,
    2.1240601679829973,
    255.4008704468598,
    0.3111648570125878,
    3.1943968256004034,
    0.2698374805604594,
    19.95885631837375,
    30.02044547007992,
    0.38082175423396475,
    1.5225155549306857
  ]
}