{
  "loss": 0.49706721916245755,
  "mse_hist_eh": 0.641315117225383,
  "hunting_gap": 0.2456275756224452,
  "penalty": 0.0,
  "speed_tier": 0,
  "stepsPerYear": 30,
  "atol": 0.001,
  "rtol": 0.001,
  "params_log": [
    0.6553976006709002,
    -3.3907233968683057,
    0.054654388903865994,
    -1.4804816442541777,
    -0.620689184942808,
    -3.336236426423519,
    -1.8288309834433698,
    -0.08264077223036093,
    2.7964729195921367,
    -0.6958423194710195,
    0.600437870854512,
    -0.3449207729277308,
    1.2774920696681773,
    1.7967582983993524,
    -0.7049696301921268,
    0.4185944411288194
  ],
  "params_lin": [
    4.5226981215041056,
    0.0004067022762883758,
    1.1341079345515388,
    0.033076409172868006,
    0.2395029213188827,
    0.000461066505328763,
    0.014830951564108956,
    0.8267214915961215,
    625.853837624054,
    0.20144555111781992,
    3.985087585111661,
    0.4519383826526913,
    18.94488920173224,
    62.62652269545353,
    0.19725606706190543,
    2.621769103243895
  ]
}