{
  "loss": 0.08723415855138542,
  "g_std": 0.061478435477350914,
  "r2_eh": 0.6817128840916652,
  "r2_0": -0.7914037431816248,
  "hunting_r2_gain": 1.4731166272732898,
  "crash_mse_eh": 0.009363265726479643,
  "crash_mse_0": 1.5609188823667726,
  "crash_mse_ratio_0_over_eh": 166.7066734831345,
  "hunt_explains_crash_window": true,
  "narr_g4": 0.3832303041010129,
  "narr_g65": 0.09211832755396492,
  "narr_g_hunt_min": 0.09396125324348133,
  "narr_g_post_mean": 0.3070841915286853,
  "narr_decline_rel": 0.754817787130079,
  "narr_recovery_rel": 2.333584068981329,
  "narr_decline_ok": true,
  "narr_recovery_ok": true,
  "mega": 2,
  "params_lin": [
    2.415593791606604,
    0.002095350695288078,
    1.3642875477337515,
    0.014226849300058573,
    0.2443625001642088,
    0.07354237048389793,
    0.01067799726438334,
    1.9269289641519083,
    175.6639836899763,
    0.5171186772107697,
    0.5872706184032835,
    0.27862878124907375,
    4.841741392039007,
    14.317291297234243,
    0.3499976630520526,
    1.9333457154375422
  ]
}