{
  "loss": 163.43713699628782,
  "mse_hist_eh": 14.363550828330082,
  "hunting_gap": 16.23420861762707,
  "penalty": 148.15916501574551,
  "speed_tier": 0,
  "stepsPerYear": 30,
  "atol": 0.001,
  "rtol": 0.001,
  "params_log": [
    0.18079365775784506,
    -1.5636525627784428,
    0.387180869388389,
    -2.197931471467018,
    -1.1857598385272503,
    -2.927516255211085,
    -2.982695474109796,
    1.3249650598691998,
    1.7104377314378343,
    -0.37002760895847797,
    -0.7394410422615352,
    -0.23285168935945438,
    0.18382585979998112,
    1.3309339321019957,
    -0.8659609000689177,
    0.34816243126988405
  ],
  "params_lin": [
    1.5163297568247789,
    0.027311618488286813,
    2.4388262979530317,
    0.006339697392115032,
    0.06519888391501741,
    0.0011816360842521311,
    0.0010406496102079547,
    21.13319010936631,
    51.33785646936185,
    0.4265524011605357,
    0.1822044408323712,
    0.5849898228158683,
    1.526953668844155,
    21.425646344883607,
    0.13615672600989331,
    2.2292687662393122
  ]
}