{
  "loss": 0.13729093884582425,
  "g_std": 0.06306014437884663,
  "r2_eh": 0.4431638649305002,
  "r2_0": -0.9583269823468841,
  "hunting_r2_gain": 1.4014908472773842,
  "crash_mse_eh": 0.21786766918505543,
  "crash_mse_0": 1.6665822377430735,
  "crash_mse_ratio_0_over_eh": 7.649516075374357,
  "hunt_explains_crash_window": true,
  "narr_g4": 0.312927337777494,
  "narr_g65": 0.023273742642894002,
  "narr_g_hunt_min": 0.02375005132542915,
  "narr_g_post_mean": 0.29842826658919597,
  "narr_decline_rel": 0.9241036196510892,
  "narr_recovery_rel": 11.822529635463818,
  "narr_decline_ok": true,
  "narr_recovery_ok": true,
  "mega": 2,
  "params_lin": [
    6.7851936818478364,
    0.00024036727575001149,
    1.6691205924465045,
    0.004916413041641007,
    0.26366115918081257,
    0.26636703612990914,
    0.0950303294471777,
    3.4259061948505183,
    531.690119526238,
    0.3333333333333333,
    1.6799391731169768,
    1.0,
    6.952772320536672,
    14.136574715680835,
    0.28439472073450817,
    2.063985790946832
  ],
  "fixed_a3": 0.3333333333333333,
  "fixed_b4": 1.0
}