{
  "loss": 0.08059085270046645,
  "mse_hist_eh": 0.07515332727982557,
  "hunting_gap": 0.18518408589009996,
  "penalty": 0.0,
  "speed_tier": 0,
  "stepsPerYear": 30,
  "atol": 0.001,
  "rtol": 0.001,
  "params_log": [
    0.5077450973514017,
    -1.150253721814805,
    0.21381357330414863,
    -1.949698661689176,
    -0.7468810648957901,
    -3.0119089425103325,
    -1.508519473310223,
    0.26249484616706625,
    2.2361528006864537,
    -0.4088076719771371,
    0.04511746714359788,
    -0.09639651197310387,
    1.119758135111057,
    1.450985855787033,
    -0.3725672271024276,
    0.24482305243058033
  ],
  "params_lin": [
    3.219178787856233,
    0.07075323118716503,
    1.636114046899971,
    0.011227972449290212,
    0.1791096293280125,
    0.0009729511987533224,
    0.031008483466192706,
    1.8301843871298769,
    172.24744979281866,
    0.3901147113671109,
    1.1094748633284708,
    0.8009464632919426,
    13.175227866732552,
    28.247879750055088,
    0.4240653351593722,
    1.7572075170162595
  ]
}