{
  "loss": 0.15818021858146616,
  "mse_hist_eh": 0.19492491804505607,
  "hunting_gap": 0.19684371299321074,
  "penalty": 0.0,
  "speed_tier": 0,
  "stepsPerYear": 30,
  "atol": 0.001,
  "rtol": 0.001,
  "params_log": [
    0.4288289532991862,
    -1.1717563743065238,
    0.02271315543368327,
    -2.025891946305519,
    -0.9229810944653434,
    -3.1558557790798476,
    -1.356773713530406,
    0.47014249065190905,
    2.4901546673079626,
    -0.3223962827037706,
    -0.012530463680383488,
    -0.3946702688943582,
    1.078158547986854,
    1.6823891703539244,
    -0.4396450872429767,
    0.20458128382957622
  ],
  "params_lin": [
    2.6842870321116425,
    0.06733542811602367,
    1.0536907206245505,
    0.009421239704716236,
    0.11940400818108787,
    0.0006984643122548546,
    0.04397706955692996,
    2.9521776679828142,
    309.13961897550547,
    0.4759964538895217,
    0.9715597989145713,
    0.40302290686123343,
    11.971775054077847,
    48.12704206713547,
    0.36337488953741515,
    1.6017003992389154
  ]
}