{
  "loss": 0.3036785128011596,
  "mse_hist_eh": 0.425231169911604,
  "hunting_gap": 0.01180795319854433,
  "penalty": 0.0,
  "speed_tier": 0,
  "stepsPerYear": 30,
  "atol": 0.001,
  "rtol": 0.001,
  "params_log": [
    -1.426874538385398,
    -1.3339948375392068,
    -0.25881260447204113,
    -0.7828485053916261,
    -0.8837956827697855,
    -1.9569601156594247,
    -0.6136078120311723,
    0.2675773948724123,
    -0.23165375853784465,
    -1.4709353989888174,
    -0.8994127572144618,
    -0.7175645402897803,
    0.4729317743331194,
    1.186042475056985,
    -0.8459560641714204,
    0.20326747973797848
  ],
  "params_lin": [
    0.03742186792119705,
    0.04634524287650061,
    0.5510454179877687,
    0.16487374190257356,
    0.13067855309958734,
    0.01104180019923576,
    0.24344013936110245,
    1.8517288582171454,
    0.5866056497439761,
    0.03381151268625467,
    0.12606288525477602,
    0.19161762795588244,
    2.971199233330549,
    15.347670794137802,
    0.14257518238925776,
    1.5968623437382186
  ]
}