{
  "loss": 0.18200268106209522,
  "mse_hist_eh": 0.2206747360911959,
  "hunting_gap": 0.2537900165246415,
  "penalty": 0.0,
  "speed_tier": 0,
  "stepsPerYear": 30,
  "atol": 0.001,
  "rtol": 0.001,
  "params_log": [
    0.5334576504317354,
    -1.5169365972243247,
    -0.08835508399978279,
    -2.232377059463264,
    -0.6407759569548138,
    -2.7687899157449603,
    -1.2652158889463974,
    0.39494426783319647,
    2.4794981548560546,
    -0.5335904080986976,
    0.313049076744169,
    -0.5917484497239098,
    0.932697764567672,
    1.6264381531156598,
    -0.4186204079050571,
    0.09677282575517891
  ],
  "params_lin": [
    3.415526430737172,
    0.03041328997758266,
    0.8159149973909356,
    0.005856294934684064,
    0.22867781981031068,
    0.0017029821044165525,
    0.054298034741278686,
    2.4828144700955366,
    301.6464057382955,
    0.29269115059269496,
    2.056122931696558,
    0.256006828984769,
    8.564416205397498,
    42.30952533984249,
    0.38139903694735455,
    1.249605205703864
  ]
}