{
  "loss": 0.08391546239500114,
  "mse_hist_eh": 0.08078902120390517,
  "hunting_gap": 0.18572427808371744,
  "penalty": 0.0,
  "speed_tier": 0,
  "stepsPerYear": 30,
  "atol": 0.001,
  "rtol": 0.001,
  "params_log": [
    0.3675220928512759,
    -1.2206468694135268,
    0.07458626015949264,
    -2.281445352507219,
    -0.7041461155247094,
    -2.981919245625279,
    -1.5067987387461137,
    0.30477957768031233,
    2.2199749284730115,
    -0.466335583456846,
    0.11577613379763105,
    -0.4128832749491761,
    1.0896210328489264,
    1.5216266633567992,
    -0.3703022777310087,
    0.09148705938238033
  ],
  "params_lin": [
    2.3308916862885205,
    0.06016627585871436,
    1.1873705147673432,
    0.005230637794194839,
    0.19763046135451945,
    0.0010425112598974136,
    0.031131587064963093,
    2.0173422196209216,
    165.9491103372152,
    0.34171529382981575,
    1.3054977684453033,
    0.3864708346162324,
    12.291957014735745,
    33.23737089179104,
    0.426282714143725,
    1.234488530724414
  ]
}