{
  "loss": 0.0839460907539088,
  "mse_hist_eh": 0.07982569419026415,
  "hunting_gap": 0.1368727438103745,
  "penalty": 0.0,
  "speed_tier": 0,
  "stepsPerYear": 30,
  "atol": 0.001,
  "rtol": 0.001,
  "params_log": [
    0.580828727275013,
    -1.3304031401533223,
    0.019667466663746393,
    -2.0867981321988083,
    -0.7232890614229153,
    -3.188856595749533,
    -1.4962577505633465,
    0.3084173256323195,
    2.4405950557215226,
    -0.4145449204872863,
    0.14177404744787359,
    -0.18355515261248212,
    1.1288790967163622,
    1.4722566908510875,
    -0.37524519209933405,
    0.2662358244370815
  ],
  "params_lin": [
    3.809155720853409,
    0.04673011608121633,
    1.0463270829387823,
    0.008188453135592652,
    0.18910845155189215,
    0.0006473563378406407,
    0.031896442629576374,
    2.0343108978684787,
    275.80050415738583,
    0.3849949913380917,
    1.3860345221683692,
    0.6553070607572298,
    13.454857320072371,
    29.66584278583632,
    0.42145849103574756,
    1.8460175453703382
  ]
}