{
  "loss": 1.5538294709133949,
  "mse_hist_eh": 1.4571352699781563,
  "hunting_gap": 3.0060674137840815,
  "penalty": 0.0,
  "speed_tier": 0,
  "stepsPerYear": 30,
  "atol": 0.001,
  "rtol": 0.001,
  "params_log": [
    -0.03914383671750743,
    -2.4705655830807447,
    0.6447724839740836,
    -1.0765682770001515,
    -0.6336912990377148,
    -2.613189059744855,
    -2.3592483032161926,
    1.2519791343666729,
    2.0040561132137853,
    -0.3556392198600221,
    -0.0451154469310161,
    0.02020604731532072,
    1.2240624008358578,
    0.8607957828974357,
    -0.27929579459877907,
    -0.031436628443907474
  ],
  "params_lin": [
    0.9138105406932053,
    0.0033840316553439037,
    4.413391802137521,
    0.08383622663084442,
    0.23243884083645502,
    0.0024367498065301597,
    0.004372720280793074,
    17.864017453037086,
    100.93832954741929,
    0.44092099637155235,
    0.9013315080633185,
    1.047625467135732,
    16.7518355452668,
    7.257646028865492,
    0.5256591220942503,
    0.9301722340962205
  ]
}