{
  "loss": 1313.737520428408,
  "mse_hist_eh": 1.9904873083046872,
  "hunting_gap": 0.8620436139839052,
  "penalty": 1311.6370874782847,
  "speed_tier": 0,
  "stepsPerYear": 30,
  "atol": 0.001,
  "rtol": 0.001,
  "params_log": [
    -0.29134561639985346,
    -3.1151888387908593,
    0.192584775715545,
    -1.0163696940355387,
    -0.940836603112456,
    -1.2063530823708586,
    -2.682936880335058,
    1.2210369474933878,
    1.221117307357868,
    -0.15170839699420535,
    0.47586120230797846,
    1.9238817955014424,
    -0.6100949765380906,
    0.4480169317801282
  ],
  "params_lin": [
    0.5112747954050232,
    0.000767027899776341,
    1.5580621440194227,
    0.09630089113744647,
    0.11459440048646594,
    0.062179455927192054,
    0.002075215103980304,
    16.63554170801207,
    16.63862015736152,
    0.3333333333333333,
    0.7051663874836542,
    1.0,
    2.991308481088932,
    83.923153681903,
    0.2454172150256144,
    2.8055430151450023
  ],
  "fixed_a3": 0.3333333333333333,
  "fixed_b4": 1.0
}