{
  "loss": 582.8901061728462,
  "mse_hist_eh": 0.5807226024478114,
  "hunting_gap": 0.6709552896280682,
  "penalty": 582.2374782728817,
  "speed_tier": 0,
  "stepsPerYear": 30,
  "atol": 0.001,
  "rtol": 0.001,
  "params_log": [
    -0.2345303474906149,
    -0.647281989680558,
    -0.8186950512574002,
    -1.7756656550841907,
    -0.5084290320701873,
    -1.6114663269355651,
    -3.9073269652587945,
    0.013320556094472713,
    0.06349228550629266,
    0.651397864548081,
    0.5596521794073873,
    1.971220608359482,
    -0.7356130580743226,
    -0.080032217064371
  ],
  "params_lin": [
    0.5827330533400895,
    0.22527759979191556,
    0.15181159694397414,
    0.01676232840041639,
    0.31014941613474023,
    0.024464349532673194,
    0.00012378642905191316,
    1.0311469371029915,
    1.1574234722744872,
    0.3333333333333333,
    4.4812364986897375,
    1.0,
    3.6278738686492193,
    93.58809524220102,
    0.18381753670322706,
    0.8317020710485326
  ],
  "fixed_a3": 0.3333333333333333,
  "fixed_b4": 1.0
}