{
  "loss": 1.5125262571386924,
  "mse_hist_eh": 1.516633560486668,
  "hunting_gap": 2.123675269045372,
  "penalty": 0.0,
  "speed_tier": 0,
  "stepsPerYear": 30,
  "atol": 0.001,
  "rtol": 0.001,
  "params_log": [
    0.23632258969354147,
    -0.5770904781984454,
    0.6656741978346425,
    -2.489999905556637,
    -0.8858368387096276,
    -2.5126619572305393,
    -1.7667444383418334,
    0.09138321314704012,
    2.225794281086531,
    -0.4308041312376074,
    -1.229485073387632,
    -0.9290200560565867,
    1.1963790658379483,
    1.58284736882101,
    -0.8050760471440173,
    0.3014356054870285
  ],
  "params_lin": [
    1.7231480372499755,
    0.2647948424110721,
    4.630993781618717,
    0.003235937272995681,
    0.13006581340917228,
    0.0030714117598614876,
    0.01711021873943648,
    1.2341933815430377,
    168.1877191844677,
    0.37084793815820527,
    0.058954223916326653,
    0.11775515920177435,
    15.717340645688765,
    38.26902246252925,
    0.15664767481486797,
    2.001868774800573
  ]
}