{
  "loss": 0.07885396476240801,
  "g_std": 0.06266381569311524,
  "r2_eh": 0.7240729081212687,
  "r2_0": 0.17108444110776955,
  "hunting_r2_gain": 0.5529884670134991,
  "crash_mse_eh": 0.005541410662975316,
  "crash_mse_0": 0.5829713896458774,
  "crash_mse_ratio_0_over_eh": 105.20270468957868,
  "hunt_explains_crash_window": true,
  "narr_g4": 0.5760670339098313,
  "narr_g65": 0.11482559153380013,
  "narr_g_hunt_min": 0.11783376969702128,
  "narr_g_post_mean": 0.44062460611365895,
  "narr_decline_rel": 0.7954512868186162,
  "narr_recovery_rel": 2.8373379783253148,
  "narr_decline_ok": true,
  "narr_recovery_ok": true,
  "mega": 4,
  "params_lin": [
    4.288054152069206,
    0.05495396089279598,
    0.7656574744928265,
    0.010534743736569908,
    0.195572855990655,
    0.0008474077516233194,
    0.031749746012070035,
    1.6091656605958815,
    165.33733254650997,
    0.4357601601328737,
    1.636700441837383,
    0.49808001606960495,
    14.58157748808968,
    30.947293895119337,
    0.4250870463757493,
    2.1049993273326866
  ]
}