{
  "loss": 747.8984038054774,
  "mse_hist_eh": 1.1116619451543681,
  "hunting_gap": 0.21042368967900238,
  "penalty": 746.475383221258,
  "speed_tier": 0,
  "stepsPerYear": 30,
  "atol": 0.001,
  "rtol": 0.001,
  "params_log": [
    -0.08259443911912567,
    -1.3150247427055912,
    -0.37082861700302194,
    -0.52434825218843,
    -1.1749377476632505,
    -1.411643258086315,
    -3.2135307189655684,
    0.06042678954387504,
    0.8232257977842243,
    0.34040574619512776,
    0.4043079711796751,
    1.6946836055032772,
    -0.8699778292001553,
    0.34021922486165823
  ],
  "params_lin": [
    0.8268096958533235,
    0.04841447840121306,
    0.42576639759701757,
    0.29898661603246035,
    0.06684397257228147,
    0.038757588011741784,
    0.0006116025409224382,
    1.149282488741941,
    6.656191340300679,
    0.3333333333333333,
    2.189806528463161,
    1.0,
    2.5369270034413747,
    49.50893742777837,
    0.1349031749111309,
    2.1888662495661655
  ],
  "fixed_a3": 0.3333333333333333,
  "fixed_b4": 1.0
}