{
  "loss": 191.32386028221833,
  "mse_hist_eh": 72.9207418321033,
  "hunting_gap": 72.6554668603005,
  "penalty": 117.27106531691429,
  "speed_tier": 0,
  "stepsPerYear": 30,
  "atol": 0.001,
  "rtol": 0.001,
  "params_log": [
    -1.0744744111762436,
    -2.6838077858744196,
    0.4029337576023979,
    -1.8352294850679893,
    -0.9746482746143141,
    -2.545523872345147,
    -3.868631545405362,
    1.1652666390571886,
    0.1585721419862085,
    -1.1493866640255652,
    -0.9685132727077406,
    -1.3036747313883958,
    1.272900065407157,
    1.9867077087574185,
    -1.1787674644521942,
    0.34683871843206376
  ],
  "params_lin": [
    0.08424140253846761,
    0.002071057774152687,
    2.528912235186641,
    0.01461404751124958,
    0.10601119385507043,
    0.0028475812697224168,
    0.0001353220145664429,
    14.630751671027138,
    1.4406953086796952,
    0.0708946292996062,
    0.10751937403151879,
    0.049696438788193284,
    18.74563106647957,
    96.98570090836894,
    0.06625711711373063,
    2.222484385500846
  ]
}