{
  "loss": 0.11586055617746417,
  "mse_hist_eh": 0.13159870927561076,
  "hunting_gap": 0.1638661616266048,
  "penalty": 0.0,
  "speed_tier": 0,
  "stepsPerYear": 30,
  "atol": 0.001,
  "rtol": 0.001,
  "params_log": [
    0.4070036068564309,
    -1.496472223315966,
    0.015312266353849247,
    -2.157427982366342,
    -0.9888222452233054,
    -3.0350099009602363,
    -1.4456736828587733,
    0.3524909495813413,
    2.1529662990613416,
    -0.38573476894320646,
    -0.033788115291865525,
    -0.31314832731622755,
    1.2269545297049245,
    1.5751310047512115,
    -0.3741802087376388,
    -0.17835770798060258
  ],
  "params_lin": [
    2.5527225031731735,
    0.03188069472292068,
    1.0358867220892078,
    0.006959403506448843,
    0.10260718068901552,
    0.0009225503947924484,
    0.035836560220051966,
    2.251598494386155,
    142.2218419716745,
    0.41140089395060614,
    0.9251494281307294,
    0.48624110835582285,
    16.86376453840011,
    37.59507925872282,
    0.4224932660172285,
    0.6631966014697083
  ]
}