{
  "loss": 97.27190799874863,
  "mse_hist_eh": 0.49031312208063316,
  "hunting_gap": 0.36565558109561536,
  "penalty": 96.90819200453544,
  "speed_tier": 0,
  "stepsPerYear": 30,
  "atol": 0.001,
  "rtol": 0.001,
  "params_log": [
    -0.6626249860972165,
    -2.1379149502143266,
    -0.025579768465831876,
    -2.3220446024090053,
    -0.5100976200588052,
    -2.3347831620275974,
    -0.6326562798954547,
    0.06479810075834391,
    1.1526769957505167,
    -1.1876462880801408,
    -0.5780401116237045,
    -0.8382443253882229,
    0.6026687138248235,
    0.8775294243451207,
    -0.6501655577681957,
    0.22826361265033485
  ],
  "params_lin": [
    0.21745781196756453,
    0.007279223427918535,
    0.9428014277477004,
    0.0047638205945435734,
    0.30896008786291845,
    0.0046261194028320764,
    0.23299345426918908,
    1.1609087932687685,
    14.212713308139575,
    0.06491629302145303,
    0.2642164714591465,
    0.1451294918389478,
    4.005610472387857,
    7.542744977662782,
    0.2237867876428985,
    1.6914673248032601
  ]
}