{
  "loss": 0.13754417831918797,
  "g_std": 0.029671513952969554,
  "r2_eh": 0.41371235200894607,
  "r2_0": -0.2171771865893084,
  "hunting_r2_gain": 0.6308895385982545,
  "crash_mse_eh": 0.06625869599861639,
  "crash_mse_0": 0.8652592328887369,
  "crash_mse_ratio_0_over_eh": 13.058802619564778,
  "hunt_explains_crash_window": true,
  "mega": 3,
  "params_lin": [
    0.4204931890641882,
    0.0002983875251956705,
    1.6097168180202759,
    0.021452956738339694,
    0.2349269603257249,
    0.00011799133471057421,
    0.0002948133097355239,
    0.3216740481621978,
    308.94195653324044,
    0.12153451967954014,
    2.4071884260476364,
    0.10310793347260203,
    10.203874654881329,
    29.990067754528162,
    0.19373491123185702,
    0.36763691556804884
  ]
}