{
  "loss": 85.57998233807362,
  "mse_hist_eh": 0.5387998213418168,
  "hunting_gap": 0.05414000693738308,
  "penalty": 85.13201590184565,
  "speed_tier": 0,
  "stepsPerYear": 30,
  "atol": 0.001,
  "rtol": 0.001,
  "params_log": [
    -1.7389671661441526,
    -2.2927184140314214,
    -0.11646709786242948,
    -0.9568597024706145,
    -0.8149641255010198,
    -3.01237055835455,
    -1.9936277860546332,
    0.3582992403501144,
    0.056298817758059005,
    -1.9612074689217391,
    -0.8485637630193751,
    -1.799409972337846,
    0.7019551401744364,
    1.6978503272300836,
    -0.19089213262053417,
    0.4019846378920991
  ],
  "params_lin": [
    0.018240335990576312,
    0.005096612158758349,
    0.7647736254722207,
    0.11044353468043928,
    0.15312139409870434,
    0.0009719175888409669,
    0.010147807353180759,
    2.28191382924818,
    1.1384103033969637,
    0.010934338918813733,
    0.14172166207377773,
    0.015870478740908668,
    5.034486031007054,
    49.87125843830135,
    0.6443292801672685,
    2.5233915120825956
  ]
}