{
  "loss": 108.62073213717011,
  "mse_hist_eh": 0.6109063144036787,
  "hunting_gap": 0.17046077068744703,
  "penalty": 108.10123482123151,
  "speed_tier": 0,
  "stepsPerYear": 30,
  "atol": 0.001,
  "rtol": 0.001,
  "params_log": [
    -0.31553681907787623,
    -0.8785431601509128,
    0.0010953135096618272,
    -1.6219541750382633,
    -0.9234479122082606,
    -2.968129778171294,
    -3.086790496297181,
    0.13521983502016122,
    0.1802944897716956,
    -0.42506243760995854,
    -0.10358004570007329,
    -1.1892122985603562,
    0.8227668983777184,
    0.5765567126681862,
    -0.49635599331393015,
    0.3665218559976788
  ],
  "params_lin": [
    0.48357426559254485,
    0.13226862530239028,
    1.002525235609436,
    0.023880632482000553,
    0.11927573125016147,
    0.0010761435866656719,
    0.0008188597108806475,
    1.3652740481955037,
    1.514587923838951,
    0.3757833748143004,
    0.7878072157175326,
    0.06468263467722718,
    6.649161757464337,
    3.7718699704028866,
    0.3188922807819183,
    2.325529515886203
  ]
}