{
  "loss": 0.11945310558592515,
  "mse_hist_eh": 0.13132315990825796,
  "hunting_gap": 0.3358620723624496,
  "penalty": 0.0,
  "speed_tier": 0,
  "stepsPerYear": 30,
  "atol": 0.001,
  "rtol": 0.001,
  "params_log": [
    0.28964692230948,
    -1.525711008250611,
    -0.4631372553900649,
    -1.5492532172944533,
    -0.9967502399119201,
    -1.3714403988497843,
    -1.644480200727033,
    0.21937829658963603,
    2.5623461606477083,
    -0.7119255569955264,
    0.6405577928655395,
    0.06858756406107491,
    1.4462151548671267,
    1.4001695018527518,
    -0.5944661335374202,
    -0.15912694846912134
  ],
  "params_lin": [
    1.9482600370199703,
    0.029804990775219063,
    0.34424111884393743,
    0.028232333963777296,
    0.10075109156122695,
    0.04251670513326004,
    0.022673564424599585,
    1.6572128669362367,
    365.04479518919294,
    0.19412185959809086,
    4.370768383228442,
    1.1710826965466357,
    27.939276448035674,
    25.12866993132829,
    0.25440981752183284,
    0.6932231405820988
  ]
}