{
  "loss": 0.08048926463347333,
  "g_std": 0.04531161060006885,
  "r2_eh": 0.7196851230194783,
  "r2_0": 0.03271653507657246,
  "hunting_r2_gain": 0.6869685879429058,
  "crash_mse_eh": 0.01631765630637094,
  "crash_mse_0": 0.7446781844997097,
  "crash_mse_ratio_0_over_eh": 45.636344489209954,
  "hunt_explains_crash_window": true,
  "narr_g4": 0.5833960904194162,
  "narr_g65": 0.08315201246494029,
  "narr_g_hunt_min": 0.08536481598778671,
  "narr_g_post_mean": 0.46459271200459284,
  "narr_decline_rel": 0.8536760560392304,
  "narr_recovery_rel": 4.587269551812848,
  "narr_decline_ok": true,
  "narr_recovery_ok": true,
  "mega": 4,
  "params_lin": [
    3.248922727719835,
    0.06915113956408285,
    1.0187243829834596,
    0.01148824640122058,
    0.11482850323079014,
    0.0011274325185522424,
    0.02994137511061131,
    1.9475908275783025,
    158.06636527845333,
    0.4350159956973387,
    1.264993877201387,
    0.3253299145814559,
    21.77527009574028,
    31.634321867956647,
    0.43508504442537976,
    1.8150820961953582
  ]
}