{
  "loss": 3.269608823851465,
  "mse_hist_eh": 2.2858488977547644,
  "hunting_gap": 5.7492534801789414,
  "penalty": 0.0,
  "speed_tier": 0,
  "stepsPerYear": 30,
  "atol": 0.001,
  "rtol": 0.001,
  "params_log": [
    0.3533492605815657,
    -2.0070277603963227,
    -0.003783641849420566,
    -1.6300853172512288,
    -0.5671855572408644,
    -2.236894515177113,
    -2.247942485709027,
    0.5296750003623104,
    2.944085231506927,
    -0.9232941151748562,
    -0.6436312034315954,
    -1.7118625268237575,
    0.047179178852327364,
    1.4745897817361513,
    -0.763334231653527,
    0.5748443843382289
  ],
  "params_lin": [
    2.25605280545587,
    0.009839482091175132,
    0.9913256835512672,
    0.02343768336260066,
    0.27090339191320195,
    0.005795694496699693,
    0.0056501179524516415,
    3.385906805881718,
    879.1950443876589,
    0.1193179779350806,
    0.22717932068089408,
    0.019415003500117153,
    1.114754358011745,
    29.825640699270878,
    0.17245102035894017,
    3.7570275899190184
  ]
}