{
  "loss": 1.467502386001799,
  "mse_hist_eh": 1.5191698891592698,
  "hunting_gap": 1.624655388671919,
  "penalty": 0.0,
  "speed_tier": 0,
  "stepsPerYear": 30,
  "atol": 0.001,
  "rtol": 0.001,
  "params_log": [
    0.36744497373887175,
    -2.7055655765974977,
    0.565575343429449,
    -2.954428631537361,
    -0.5571131321110139,
    -1.117144759071404,
    -2.5863074043263135,
    0.75378490858765,
    2.185678069168571,
    -1.1751381969079375,
    1.1123169523333056,
    1.3157986796209116,
    -0.5671761884754976,
    0.22456753044481742
  ],
  "params_lin": [
    2.330477818863467,
    0.00196985574502063,
    3.6776919015616865,
    0.0011106350331679424,
    0.277259775907985,
    0.0763581224200518,
    0.0025923437878084305,
    5.672635892979041,
    153.34798339808546,
    0.3333333333333333,
    0.06681312775908531,
    1.0,
    12.951407028944836,
    20.69181942036086,
    0.27090923600700817,
    1.677133100607483
  ],
  "fixed_a3": 0.3333333333333333,
  "fixed_b4": 1.0
}