{
  "loss": 0.2374664499911093,
  "mse_hist_eh": 0.3051223731856998,
  "hunting_gap": 0.1188917982135616,
  "penalty": 0.0,
  "speed_tier": 0,
  "stepsPerYear": 30,
  "atol": 0.001,
  "rtol": 0.001,
  "params_log": [
    0.32980146214366085,
    -1.1778876548813626,
    0.03168894970878522,
    -2.009322849111578,
    -0.941796698256072,
    -3.160736605811064,
    -1.3211107493616114,
    0.519012070662252,
    2.5092548528364316,
    -0.3224420715452439,
    -0.06468816707639403,
    -0.3907991386419572,
    1.0559088850014853,
    1.6989771109009442,
    -0.4579084848156476,
    0.15759578240206756
  ],
  "params_lin": [
    2.1369849428421315,
    0.0663914792453991,
    1.0756945040005537,
    0.00978762115324923,
    0.11434134637410359,
    0.0006906585526461985,
    0.04774075145247704,
    3.3037872336524057,
    323.0389223725347,
    0.4759462709418964,
    0.8616121865020819,
    0.406631352831999,
    11.373886366115817,
    50.000818180217095,
    0.3484107249315387,
    1.437460046088526
  ]
}