{
  "loss": 0.0834719982134908,
  "mse_hist_eh": 0.08203966987449318,
  "hunting_gap": 0.19687316861882653,
  "penalty": 0.0,
  "speed_tier": 0,
  "stepsPerYear": 30,
  "atol": 0.001,
  "rtol": 0.001,
  "params_log": [
    0.5043866965558998,
    -1.1899481409165318,
    0.04928302940684601,
    -2.0742437889078733,
    -0.7971748040031071,
    -3.1660696746115793,
    -1.5068081945068685,
    0.36406911781856127,
    2.3910111520931103,
    -0.4133695726827501,
    0.07243282649381208,
    -0.22909932280916065,
    1.0946436312588477,
    1.5057666430422016,
    -0.3656014487028672,
    0.22341778251622857
  ],
  "params_lin": [
    3.1943808714382453,
    0.06457313311787856,
    1.1201676581154394,
    0.008428614891092265,
    0.15952369333922256,
    0.0006822292341506553,
    0.031130909253830674,
    2.3124327837800474,
    246.0430783861029,
    0.38603832921731596,
    1.1814975529780944,
    0.5900661170788682,
    12.434938200965696,
    32.045469810076746,
    0.4309218853635399,
    1.6726989431814947
  ]
}