{
  "loss": 582.8901015618317,
  "mse_hist_eh": 0.5807226016969828,
  "hunting_gap": 0.6709553255013353,
  "penalty": 582.2374736597048,
  "speed_tier": 0,
  "stepsPerYear": 30,
  "atol": 0.001,
  "rtol": 0.001,
  "params_log": [
    -0.2345303416050246,
    -0.6472819905980035,
    -0.8186950538211414,
    -1.7756656552109165,
    -0.5084290288427467,
    -1.6114663279928991,
    -3.90732696955458,
    0.013320553863831098,
    0.0634922822935631,
    0.6513978649812747,
    0.5596521773055312,
    1.9712206085406059,
    -0.7356130590801878,
    -0.08003221640629735
  ],
  "params_lin": [
    0.5827330612373302,
    0.22527759931601743,
    0.151811596047795,
    0.0167623283955252,
    0.3101494184396022,
    0.024464349473112254,
    0.00012378642782749064,
    1.0311469318067712,
    1.1574234637123508,
    0.3333333333333333,
    4.481236503159616,
    1.0,
    3.627873851091389,
    93.58809528123221,
    0.18381753627748906,
    0.8317020723087862
  ],
  "fixed_a3": 0.3333333333333333,
  "fixed_b4": 1.0
}