{
  "loss": 255.68482150591177,
  "mse_hist_eh": 21.596044564435235,
  "hunting_gap": 21.470924756369815,
  "penalty": 225.94410668867505,
  "speed_tier": 0,
  "stepsPerYear": 30,
  "atol": 0.001,
  "rtol": 0.001,
  "params_log": [
    -0.4371967927538736,
    -1.2590277741493847,
    0.6938236383956724,
    -2.008018577098847,
    -1.2049514485684862,
    -2.6090095897166616,
    -3.450773590273106,
    0.8332021842460655,
    1.5236992868644441,
    -1.1006531024415958,
    -1.4645269510191576,
    0.3826073311588416,
    0.8205672299355133,
    1.3080617965012789,
    -1.118091137753669,
    0.25782021884412754
  ],
  "params_lin": [
    0.36542916641941214,
    0.05507724720893881,
    4.941099942979225,
    0.009817059493054045,
    0.06238045690692153,
    0.002460313277029281,
    0.00035418193780314283,
    6.810863622232405,
    33.39637175992824,
    0.07931346026349553,
    0.034314134480815765,
    2.4132778742844363,
    6.615569403234527,
    20.326462190511577,
    0.0761919102670075,
    1.8105904228996266
  ]
}