{
  "loss": 817.8969235849507,
  "mse_hist_eh": 1.579814745596508,
  "hunting_gap": 1.022190258094291,
  "penalty": 816.4012548848118,
  "speed_tier": 0,
  "stepsPerYear": 30,
  "atol": 0.001,
  "rtol": 0.001,
  "params_log": [
    -0.09687810103716932,
    -0.876221128603746,
    -0.49604309985428496,
    -1.151522922061323,
    -1.0478952739178047,
    -2.393093481082603,
    -3.9552869945531404,
    -0.4105704410758837,
    1.5173944057641688,
    0.45134715270752734,
    0.8770514983779851,
    1.8765842621359048,
    -1.0196332758591815,
    0.3042977969700742
  ],
  "params_lin": [
    0.8000587861825409,
    0.13297771663577176,
    0.31912211391466966,
    0.07054676084899648,
    0.08955807004842865,
    0.004044888168580063,
    0.00011084420820895757,
    0.3885344738839056,
    32.91504140661198,
    0.3333333333333333,
    2.827138941638935,
    1.0,
    7.534449014792429,
    75.26347427566544,
    0.09557993352586197,
    2.015105539871024
  ],
  "fixed_a3": 0.3333333333333333,
  "fixed_b4": 1.0
}