{
  "loss": 44.61858991639293,
  "mse_hist_eh": 4.62946078694763,
  "hunting_gap": 3.513515268904695,
  "penalty": 40.24210080518436,
  "speed_tier": 0,
  "stepsPerYear": 30,
  "atol": 0.001,
  "rtol": 0.001,
  "params_log": [
    -0.0008357176799525523,
    -1.1094915533806542,
    -0.12013757462364694,
    -2.190146709811835,
    -0.5488836047403267,
    -2.6124951273818295,
    -3.9764549193879146,
    0.5362644033100612,
    2.289636692461214,
    -0.7251382163155606,
    0.5343837030516441,
    -0.4604861922692193,
    0.8979096563445477,
    0.734783639700725,
    -0.7131159542396878,
    0.17827725911165365
  ],
  "params_lin": [
    0.9980775392276994,
    0.07771564336086396,
    0.7583373129469233,
    0.006454361562366157,
    0.28256371724327406,
    0.00244064645100913,
    0.00010557110823926672,
    3.437671734819865,
    194.8214146108014,
    0.1883049704456804,
    3.422817179158149,
    0.3463488960682227,
    7.905141650117687,
    5.429797581001868,
    0.1935905018939054,
    1.507569210357623
  ]
}