{
  "loss": 1.8527792968644516,
  "mse_hist_eh": 1.7807710689107967,
  "hunting_gap": 2.7039831487483506,
  "penalty": 0.0,
  "speed_tier": 0,
  "stepsPerYear": 30,
  "atol": 0.001,
  "rtol": 0.001,
  "params_log": [
    0.4818187660251105,
    -3.0041847054232225,
    0.6330518713088351,
    -1.4351008267913918,
    -0.6941602676273404,
    -3.681455946823991,
    -1.841943607125735,
    1.4246853380627387,
    2.1867023209116034,
    -0.3944744082354238,
    -0.5049464983627732,
    -1.213062804212756,
    1.5144684730118612,
    1.438203751276758,
    -0.5226702376596879,
    0.6696612893893814
  ],
  "params_lin": [
    3.032625385362496,
    0.0009904106337102405,
    4.2958773284453455,
    0.03671970413040001,
    0.20222727619485165,
    0.00020823036154453861,
    0.014389854175061346,
    26.58797967218186,
    153.7100702008639,
    0.4032047054740487,
    0.3126464499041569,
    0.06122618448855636,
    32.69403122074318,
    27.42860695971703,
    0.30014406654260234,
    4.67370492187048
  ]
}