{
  "loss": 733.320566274841,
  "mse_hist_eh": 20.423201068095526,
  "hunting_gap": 47.92507981135164,
  "penalty": 698.4549513746935,
  "speed_tier": 0,
  "stepsPerYear": 30,
  "atol": 0.001,
  "rtol": 0.001,
  "params_log": [
    -0.23291266876265482,
    -3.8436961561747793,
    -0.8604653567788039,
    -1.55191241750713,
    -0.6064300033479051,
    -0.9513104257381519,
    -3.376744633601523,
    0.8983058049746777,
    0.2135170147306471,
    0.7742292732658476,
    0.8982889248663408,
    1.4662511395249527,
    -1.2010044046084163,
    -0.016749581096788604
  ],
  "params_lin": [
    0.5849076900062276,
    0.0001433190246133992,
    0.1378905942481374,
    0.02805999455982743,
    0.24749703281953003,
    0.11186380156788162,
    0.00042000587605461225,
    7.912355740729128,
    1.6349972055751019,
    0.3333333333333333,
    5.946059808769979,
    1.0,
    7.912048210166163,
    29.258438168157152,
    0.0629499798446881,
    0.9621669143302249
  ],
  "fixed_a3": 0.3333333333333333,
  "fixed_b4": 1.0
}