{
  "loss": 1267.208308454987,
  "mse_hist_eh": 3.8639126673743545,
  "hunting_gap": -0.07569703909292302,
  "penalty": 1264.4505364618756,
  "speed_tier": 0,
  "stepsPerYear": 30,
  "atol": 0.001,
  "rtol": 0.001,
  "params_log": [
    -0.5069055893341416,
    -2.3260298711449945,
    0.11590911477454718,
    -1.2327231488760504,
    -2.3402521422532074,
    -2.374469703811514,
    -3.7314396959805363,
    -0.06043913905699605,
    0.763517469092587,
    -1.4060187931758068,
    -0.7728745789779743,
    -1.6079474667366593,
    1.5472569135017693,
    1.468304877076011,
    -1.0758470675526735,
    0.1576416877952524
  ],
  "params_lin": [
    0.3112392862270462,
    0.0047203057348145375,
    1.3058975730886828,
    0.05851629910387205,
    0.004568228908346866,
    0.004222117313250517,
    0.0001855924496191412,
    0.8700833558284626,
    5.801195068223154,
    0.0392627944887507,
    0.1687040159717941,
    0.02466337653088914,
    35.25793830552095,
    29.39712621934442,
    0.08397556459904659,
    1.4376119951897306
  ]
}