{
  "loss": 0.10686303179506132,
  "mse_hist_eh": 0.10352317031304782,
  "hunting_gap": 0.09738824374019449,
  "penalty": 0.0,
  "speed_tier": 0,
  "stepsPerYear": 30,
  "atol": 0.001,
  "rtol": 0.001,
  "params_log": [
    -0.09519471031546489,
    -0.6856086699366661,
    -0.7929039538753859,
    -2.903159368114035,
    -1.103220216840387,
    -1.7276633867580178,
    -1.9264577506458382,
    -0.06662150039739423,
    2.3528698480847527,
    -0.7213127617237647,
    0.38318874617772525,
    -1.2623260066145554,
    1.460327519341618,
    0.7427288897757482,
    -0.6717416944561252,
    -0.615791669271375
  ],
  "params_lin": [
    0.8031659523832253,
    0.20624875234466272,
    0.1611001875897349,
    0.0012498003210285472,
    0.07884602132833844,
    0.018721326319148093,
    0.011845195946958032,
    0.8577851028981139,
    225.35637497540964,
    0.189970969133225,
    2.4165108318620616,
    0.05466054950809619,
    28.862072902938177,
    5.530047857929835,
    0.2129405176787315,
    0.2422190691103734
  ]
}