{
  "loss": 0.13011514673055896,
  "mse_hist_eh": 0.14704281689154072,
  "hunting_gap": 0.1328480139934962,
  "penalty": 0.0,
  "speed_tier": 0,
  "stepsPerYear": 30,
  "atol": 0.001,
  "rtol": 0.001,
  "params_log": [
    0.5241757491982795,
    -1.2691746630085197,
    -0.046902612338088734,
    -2.077420572716775,
    -0.9516243321287071,
    -3.077894369491087,
    -1.4632747981052914,
    0.28061619315842,
    2.20227467305366,
    -0.382745371620157,
    1.57757496554653e-05,
    -0.3167346791558517,
    1.2587367985606175,
    1.5455040189954317,
    -0.371249797825132,
    0.08539753859703973
  ],
  "params_lin": [
    3.343303086023262,
    0.05380533466171768,
    0.8976300595309747,
    0.008367186076216122,
    0.11178297605363793,
    0.0008358062810187894,
    0.034413211363360424,
    1.908166175324681,
    159.32160508351916,
    0.4142424754533883,
    1.0000363256657485,
    0.4822423209714842,
    18.144157142659992,
    35.11591741559831,
    0.4253536875074355,
    1.2172997661792293
  ]
}