{
  "loss": 0.8143476425895124,
  "mse_hist_eh": 0.7456020242209376,
  "hunting_gap": 0.6251528488440099,
  "penalty": 0.0,
  "speed_tier": 0,
  "stepsPerYear": 30,
  "atol": 0.001,
  "rtol": 0.001,
  "params_log": [
    0.24379097760248458,
    -2.866877033364942,
    0.2557961341808389,
    -2.0053740871651167,
    -1.6971802031005934,
    -1.8880070698446287,
    -1.6051470117871591,
    1.648203085385229,
    2.96796931256308,
    -0.34019754901974664,
    -1.1261688461839596,
    -0.05466904788423932,
    0.9105257369936959,
    1.4884666732056784,
    -0.4805236396169169,
    -0.005965935459174163
  ],
  "params_lin": [
    1.7530365765422165,
    0.0013586980954584024,
    1.8021715697830591,
    0.00987701953744839,
    0.020082593466828884,
    0.012941747735123866,
    0.02482292689237449,
    44.483923517755905,
    928.9007479301993,
    0.45688031962401654,
    0.07478786816843819,
    0.8817205281394808,
    8.138150873486282,
    30.79404025807283,
    0.3307321090832176,
    0.9863568489799525
  ]
}