{
  "loss": 0.08154975120137359,
  "mse_hist_eh": 0.07722174239802874,
  "hunting_gap": 0.1906058838137255,
  "penalty": 0.0,
  "speed_tier": 0,
  "stepsPerYear": 30,
  "atol": 0.001,
  "rtol": 0.001,
  "params_log": [
    0.5037391948013572,
    -1.2581296495849406,
    0.004300576627051255,
    -2.09668162217601,
    -0.7420370263228183,
    -3.1647462297755355,
    -1.5422654142798427,
    0.30022020181062514,
    2.2570533432443813,
    -0.3715904520661605,
    0.08258868343305463,
    -0.33825920374796714,
    1.0583072696977684,
    1.5190498876784093,
    -0.36404183251522304,
    0.18871192758885774
  ],
  "params_lin": [
    3.189621828489576,
    0.05519126526416249,
    1.0099516350653948,
    0.008004208221034247,
    0.18111856711223767,
    0.0006843113924687431,
    0.028690266721491723,
    1.9962742361347294,
    180.73961100692432,
    0.42502017711223045,
    1.2094521292457983,
    0.45892402746888605,
    11.436872240436749,
    33.040749297209175,
    0.43247217204367755,
    1.544229794767393
  ]
}