{
  "loss": 0.0962672020636722,
  "mse_hist_eh": 0.09650049471738749,
  "hunting_gap": 0.16452208056469764,
  "penalty": 0.0,
  "speed_tier": 0,
  "stepsPerYear": 30,
  "atol": 0.001,
  "rtol": 0.001,
  "params_log": [
    0.47680024544554306,
    -1.0033784082510655,
    -0.007304241017087848,
    -1.9917833617781662,
    -0.9531945547342754,
    -2.8544507267046444,
    -1.366005579352504,
    0.34026799284168946,
    2.23106479667245,
    -0.3918539256074961,
    0.23524162676723695,
    -0.10032949493594787,
    1.3351208163664066,
    1.5829778719970249,
    -0.3839773285506403,
    0.08652310929668161
  ],
  "params_lin": [
    2.997783365806898,
    0.09922511062026018,
    0.9833220072027807,
    0.010190996166468647,
    0.11137954650237009,
    0.001398135533127188,
    0.04305210795803292,
    2.1891120564636486,
    170.24124891390582,
    0.40564495066493816,
    1.7188644392385515,
    0.7937258142885338,
    21.633202540096605,
    38.280523827679474,
    0.41306906484749256,
    1.2204587609966178
  ]
}