{
  "loss": 0.08059085270046645,
  "g_std": 0.03759128653851391,
  "r2_eh": 0.7133770202855394,
  "r2_0": 0.007114018836666514,
  "hunting_r2_gain": 0.7062630014488729,
  "crash_mse_eh": 0.014349439679153031,
  "crash_mse_0": 0.769377645561158,
  "crash_mse_ratio_0_over_eh": 53.61726051403234,
  "hunt_explains_crash_window": true,
  "narr_g4": 0.5650060740229791,
  "narr_g65": 0.08508354605121482,
  "narr_g_hunt_min": 0.08730673590448915,
  "narr_g_post_mean": 0.45763298704979455,
  "narr_decline_rel": 0.8454764634151265,
  "narr_recovery_rel": 4.378630815359977,
  "narr_decline_ok": true,
  "narr_recovery_ok": true,
  "mega": 3,
  "params_lin": [
    3.219178787856233,
    0.07075323118716503,
    1.636114046899971,
    0.011227972449290212,
    0.1791096293280125,
    0.0009729511987533224,
    0.031008483466192706,
    1.8301843871298769,
    172.24744979281866,
    0.3901147113671109,
    1.1094748633284708,
    0.8009464632919426,
    13.175227866732552,
    28.247879750055088,
    0.4240653351593722,
    1.7572075170162595
  ]
}