{
  "loss": 0.10686303179506132,
  "g_std": 0.051320166222499686,
  "r2_eh": 0.6051788973476541,
  "r2_0": 0.23375544052532427,
  "hunting_r2_gain": 0.3714234568223298,
  "crash_mse_eh": 0.04490382446905311,
  "crash_mse_0": 0.5192829141958334,
  "crash_mse_ratio_0_over_eh": 11.56433600755208,
  "hunt_explains_crash_window": true,
  "mega": 58,
  "params_lin": [
    0.8031659523832253,
    0.20624875234466272,
    0.1611001875897349,
    0.0012498003210285472,
    0.07884602132833844,
    0.018721326319148093,
    0.011845195946958032,
    0.8577851028981139,
    225.35637497540964,
    0.189970969133225,
    2.4165108318620616,
    0.05466054950809619,
    28.862072902938177,
    5.530047857929835,
    0.2129405176787315,
    0.2422190691103734
  ]
}