{
  "loss": 0.09226564149609452,
  "mse_hist_eh": 0.09482113156948611,
  "hunting_gap": 0.29570364478164496,
  "penalty": 0.0,
  "speed_tier": 0,
  "stepsPerYear": 30,
  "atol": 0.001,
  "rtol": 0.001,
  "params_log": [
    0.3574089995057588,
    -1.2307281593253752,
    0.16611196855813565,
    -2.2025890160122863,
    -0.9974675989380409,
    -2.996130273323526,
    -1.513808689980983,
    0.2903740744111573,
    2.489447948467443,
    -0.7011494686035283,
    -0.006330433015252324,
    -0.3711806165405618,
    1.257883217159188,
    1.4985240336715986,
    -0.38546427693159846,
    0.05637807565224234
  ],
  "params_lin": [
    2.27724102701754,
    0.05878571985446858,
    1.4659257330097468,
    0.006272071260809827,
    0.10058481027094873,
    0.001008950190519496,
    0.030633125489737487,
    1.9515247988292608,
    308.63697125903656,
    0.19899883384161918,
    0.9855293601539915,
    0.42542144995805187,
    18.108530843518786,
    31.51548780745654,
    0.4116572069403634,
    1.1386180800113161
  ]
}