{
  "loss": 0.09113452690733595,
  "mse_hist_eh": 0.08685119672741713,
  "hunting_gap": 0.15639794306382776,
  "penalty": 0.0,
  "speed_tier": 0,
  "stepsPerYear": 30,
  "atol": 0.001,
  "rtol": 0.001,
  "params_log": [
    0.2131776495490448,
    -1.2712400259465277,
    -0.19295538555786335,
    -2.051980552882567,
    -0.766999743090885,
    -2.907495121883205,
    -1.4710737623668864,
    0.2488637627506463,
    2.036413746787645,
    -0.5486917733709322,
    0.3827465035319204,
    -0.2709439348517906,
    1.2431572291227526,
    1.483479207968092,
    -0.3692663468314275,
    -0.25046754826587625
  ],
  "params_lin": [
    1.6337200896684019,
    0.053550061514341586,
    0.6412754504983309,
    0.008871957385694887,
    0.17100163266588647,
    0.0012373850885118586,
    0.03380074227550108,
    1.7736330087343377,
    108.74611405702356,
    0.2826885554812502,
    2.414051348143492,
    0.5358658305268642,
    17.504803063191982,
    30.44242242149481,
    0.4273007481062756,
    0.5617362513375197
  ]
}