{
  "loss": 6.302511677524197,
  "mse_hist_eh": 4.929468025763014,
  "hunting_gap": 9.823421803290849,
  "penalty": 0.0,
  "speed_tier": 0,
  "stepsPerYear": 30,
  "atol": 0.001,
  "rtol": 0.001,
  "params_log": [
    0.31257267450350834,
    -1.7216852498418287,
    0.04446977537003299,
    -1.6890006551164907,
    -0.4364312837255939,
    -2.9776106418367743,
    -1.5275052248617207,
    0.6740424623105925,
    2.7145987746335756,
    -0.9840500958070963,
    -0.10214844759105698,
    -1.5826421014685184,
    0.5798308486751563,
    0.9320932165803513,
    -0.8532109082699653,
    0.548351746798263
  ],
  "params_lin": [
    2.053868690504049,
    0.01898081036245502,
    1.1078214640976611,
    0.020464415497441265,
    0.3660738580374112,
    0.0010529054124124278,
    0.029682110336254612,
    4.721091985791214,
    518.3209639669757,
    0.10374087439641098,
    0.7904084097844143,
    0.026143149024515457,
    3.800413469656344,
    8.552502633393535,
    0.14021326155903582,
    3.5346933822599147
  ]
}