{
  "loss": 0.1277827087618958,
  "mse_hist_eh": 0.13124269296776073,
  "hunting_gap": 0.361284157992218,
  "penalty": 0.0,
  "speed_tier": 0,
  "stepsPerYear": 30,
  "atol": 0.001,
  "rtol": 0.001,
  "params_log": [
    0.4522190578027239,
    -2.2708954364437948,
    0.411846857204185,
    -1.2151756918560828,
    -0.6395682248936991,
    -1.1009963032957955,
    -1.6355381854841702,
    0.21684779712373436,
    2.695982872884894,
    -0.41797118254593724,
    -0.27409512371650324,
    0.08475124109482035,
    0.8627217894125297,
    2.0686115477363574,
    -0.6544757275469532,
    0.15105184491107204
  ],
  "params_lin": [
    2.832820507984816,
    0.005359256749225792,
    2.581349783419352,
    0.060929036173330016,
    0.2293146363479737,
    0.07925080762614824,
    0.023145246717306143,
    1.6475848776155049,
    496.5727379039207,
    0.3819696154555499,
    0.5319917241173004,
    1.2154895827035508,
    7.289903668257331,
    117.11473707339636,
    0.22157679307671446,
    1.4159628037119314
  ]
}