{
  "loss": 0.2817657598168431,
  "mse_hist_eh": 0.315884379662397,
  "hunting_gap": 0.3844090883259834,
  "penalty": 0.0,
  "speed_tier": 0,
  "stepsPerYear": 30,
  "atol": 0.001,
  "rtol": 0.001,
  "params_log": [
    0.5175643401054764,
    -1.3950907919989377,
    0.05905069409466379,
    -2.330354545358234,
    -0.67025768302394,
    -3.1163632020458616,
    -1.4825199314058821,
    0.4639757123406985,
    2.257720627366187,
    -0.5647369477060951,
    0.1560006403277479,
    -0.2681791608050373,
    0.9866694668150646,
    1.507124748387236,
    -0.40592692615198983,
    -0.01033906120194518
  ],
  "params_lin": [
    3.2927923196668116,
    0.04026328525906479,
    1.145646662073518,
    0.0046735345177051305,
    0.21366939335574656,
    0.0007649566033560268,
    0.03292153440573464,
    2.9105543425032603,
    181.01752697949271,
    0.27243509485949324,
    1.4321900109060104,
    0.5392881024816523,
    9.697716117681011,
    32.14583775221503,
    0.3927110069052462,
    0.9764745727263531
  ]
}