{
  "loss": 0.09231719325669996,
  "mse_hist_eh": 0.08295544457677201,
  "hunting_gap": 0.12632171854689475,
  "penalty": 0.0,
  "speed_tier": 0,
  "stepsPerYear": 30,
  "atol": 0.001,
  "rtol": 0.001,
  "params_log": [
    0.35898912973709474,
    -1.3676814851002106,
    0.32691768971408947,
    -2.3856655457466327,
    -0.539978884949514,
    -2.5956063220399246,
    -1.3745553439465892,
    0.2861364281243641,
    2.235965221412935,
    -0.5357738642743537,
    0.04683851969100378,
    -0.0551298260280525,
    1.0034504874660015,
    1.520222521796782,
    -0.36709489431338616,
    -0.07225664503442404
  ],
  "params_lin": [
    2.285541596226838,
    0.04288629364485225,
    2.1228420891730884,
    0.0041146647331181275,
    0.28841717258411975,
    0.0025374277081724413,
    0.042212848204063645,
    1.932575315789624,
    172.17306921416977,
    0.29122331136654134,
    1.1138802912169643,
    0.8807855356054172,
    10.079766865940346,
    33.130082838729315,
    0.42944258235014643,
    0.8467268955206513
  ]
}