{
  "loss": 236864794.3711311,
  "mse_hist_eh": 2.80300118885804,
  "hunting_gap": -0.6983713270047431,
  "penalty": 236864792.39003202,
  "speed_tier": 0,
  "stepsPerYear": 30,
  "atol": 0.001,
  "rtol": 0.001,
  "params_log": [
    0.25,
    -2.25,
    0.0,
    -1.75,
    -2.75,
    -2.25,
    -2.25,
    0.5,
    1.0,
    -1.15,
    -0.5,
    -0.75,
    0.5,
    1.25,
    -0.8500000000000001,
    -0.09948499999999993
  ],
  "params_lin": [
    1.7782794100389228,
    0.005623413251903491,
    1.0,
    0.01778279410038923,
    0.0017782794100389228,
    0.005623413251903491,
    0.005623413251903491,
    3.1622776601683795,
    10.0,
    0.0707945784384138,
    0.31622776601683794,
    0.1778279410038923,
    3.1622776601683795,
    17.78279410038923,
    0.1412537544622754,
    0.7952707327370631
  ]
}