{
  "loss": 107.83395062617244,
  "mse_hist_eh": 2.0912542387746287,
  "hunting_gap": 2.780212519280667,
  "penalty": 104.7918805760651,
  "speed_tier": 0,
  "stepsPerYear": 30,
  "atol": 0.001,
  "rtol": 0.001,
  "params_log": [
    -0.27917989979496327,
    -3.5810313005521826,
    0.37015947639194513,
    -2.328319592424563,
    -0.8810043155708482,
    -1.337155291387176,
    -2.7278931435742946,
    0.9343847493068538,
    0.045595409224415295,
    -0.7653626988469939,
    -0.6701307582441006,
    -1.0398166976375363,
    0.5048930413422359,
    1.4893120926162897,
    -0.7351616027493248,
    -0.4268249905573722
  ],
  "params_lin": [
    0.5257994169695709,
    0.00026240294170359316,
    2.3450897928767125,
    0.0046954844601596905,
    0.1315211762908652,
    0.04600920283067723,
    0.0018711424708767993,
    8.597748742605,
    1.1106965150711086,
    0.17164742835547234,
    0.21373184845291446,
    0.09123958523662723,
    3.198107378296134,
    30.854043864678218,
    0.18400871701161195,
    0.37426137554192496
  ]
}