{
  "loss": 0.33107054603600955,
  "g_std": 0.04960156099880454,
  "r2_eh": -0.42637497387315526,
  "r2_0": -2.1418530832791,
  "hunting_r2_gain": 1.7154781094059446,
  "crash_mse_eh": 0.11506218662420825,
  "crash_mse_0": 2.4165482098231292,
  "crash_mse_ratio_0_over_eh": 21.00210573691377,
  "hunt_explains_crash_window": true,
  "narr_g4": 0.6475998358687294,
  "narr_g65": 0.0009919003190414118,
  "narr_g_hunt_min": 0.0011378754323606605,
  "narr_g_post_mean": 0.18698752351175554,
  "narr_decline_rel": 0.9982429327995781,
  "narr_recovery_rel": 187.514241207445,
  "narr_decline_ok": true,
  "narr_recovery_ok": true,
  "mega": 1,
  "params_lin": [
    1.506384616192849,
    0.004120740799800796,
    6.166835877703748,
    0.016494038776575976,
    0.2789398621148525,
    0.26252035931556356,
    0.014449999258409415,
    17.35013788937022,
    459.08699989100745,
    0.18064836732317446,
    1.0195457027601014,
    1.0800972917244205,
    17.891598357886583,
    8.757850724236953,
    0.7505870964498857,
    1.8450305267000493
  ]
}