{
  "loss": 0.2681742637645051,
  "mse_hist_eh": 0.2830386552098671,
  "hunting_gap": 0.5008529194081284,
  "penalty": 0.0,
  "speed_tier": 0,
  "stepsPerYear": 30,
  "atol": 0.001,
  "rtol": 0.001,
  "params_log": [
    0.15943642853615958,
    -2.594544867210936,
    0.295772020513033,
    -2.6523039415136864,
    -0.9348457976969751,
    -2.1011778701789336,
    -2.7829124476001192,
    0.19155356405972446,
    2.371575217664027,
    -0.9534392553557206,
    -1.114277709647899,
    -0.3069059751129429,
    0.5981126799053698,
    1.139299012327397,
    -0.22716006553494067,
    0.2739284506944531
  ],
  "params_lin": [
    1.443565281608069,
    0.0025436369949645853,
    1.975932117725968,
    0.0022268761218674133,
    0.11618610755637941,
    0.007921768191248965,
    0.0016484946893672557,
    1.5543669880541962,
    235.27469422797313,
    0.11131680804128037,
    0.07686387769669994,
    0.4932805877920252,
    3.9638086393997365,
    13.781580059388187,
    0.5927068336120005,
    1.879007227934404
  ]
}