{
  "loss": 0.11945310560050505,
  "g_std": 0.0441144557382551,
  "r2_eh": 0.4991541058684733,
  "r2_0": -0.7817710565686264,
  "hunting_r2_gain": 1.2809251624370996,
  "crash_mse_eh": 0.1600884129627275,
  "crash_mse_0": 1.5225143740929414,
  "crash_mse_ratio_0_over_eh": 9.510459538617011,
  "hunt_explains_crash_window": true,
  "mega": 22,
  "params_lin": [
    1.9482600370199703,
    0.029804990775219063,
    0.34424111884393743,
    0.028232333963777296,
    0.10075109156122695,
    0.04251670513326004,
    0.022673564424599585,
    1.6572128669362367,
    365.04479518919294,
    0.19412185959809086,
    4.370768383228442,
    1.1710826965466357,
    27.939276448035674,
    25.12866993132829,
    0.25440981752183284,
    0.6932231405820988
  ]
}