{
  "loss": 0.08213244809616588,
  "mse_hist_eh": 0.07704759947812732,
  "hunting_gap": 0.19164126717424307,
  "penalty": 0.0,
  "speed_tier": 0,
  "stepsPerYear": 30,
  "atol": 0.001,
  "rtol": 0.001,
  "params_log": [
    0.596869776502537,
    -1.2245470940232548,
    -0.057048469168020755,
    -2.2933596256880713,
    -0.8265363710791648,
    -2.8361375292172095,
    -1.4532737452688038,
    0.2881109149940312,
    2.2096411907486617,
    -0.34835346906001946,
    0.13598525169593567,
    -0.49365707198748515,
    1.209338747689127,
    1.45311343923635,
    -0.37153244918857187,
    0.3564555632136762
  ],
  "params_lin": [
    3.9524808688867905,
    0.059628365652349906,
    0.8769029494689945,
    0.005089092846556242,
    0.1490951886723926,
    0.0014583523667261024,
    0.035214883399425856,
    1.9413816260913213,
    162.04707293283033,
    0.4483803079750741,
    1.367682379373448,
    0.3208802061689535,
    16.193426249378323,
    28.386603996292784,
    0.4250769451363495,
    2.272247128227434
  ]
}