{
  "loss": 123.17555420114444,
  "mse_hist_eh": 10.42664448488098,
  "hunting_gap": 10.794262005609633,
  "penalty": 112.37281265579855,
  "speed_tier": 0,
  "stepsPerYear": 30,
  "atol": 0.001,
  "rtol": 0.001,
  "params_log": [
    -0.49038769857280196,
    -1.7216852498418287,
    0.10534799819568427,
    -1.9656803501003077,
    -0.4313267848873701,
    -3.0790472349130984,
    -2.7651096098982553,
    0.6740424623105925,
    1.863016650159392,
    -1.080331177938159,
    -0.0722115990295854,
    -1.5826421014685184,
    0.7090972914862517,
    0.9320932165803513,
    -0.8532109082699653,
    0.548351746798263
  ],
  "params_lin": [
    0.3233049108767989,
    0.01898081036245502,
    1.2745239422020314,
    0.010822302024907613,
    0.3704019079795417,
    0.0008335905163782543,
    0.0017174748656387814,
    4.721091985791214,
    72.94854770309054,
    0.0831129738619887,
    0.8468147245020458,
    0.026143149024515457,
    5.117964763311089,
    8.552502633393535,
    0.14021326155903582,
    3.5346933822599147
  ]
}