{
  "loss": 0.08270499548128754,
  "mse_hist_eh": 0.07992265850423455,
  "hunting_gap": 0.19215338900303494,
  "penalty": 0.0,
  "speed_tier": 0,
  "stepsPerYear": 30,
  "atol": 0.001,
  "rtol": 0.001,
  "params_log": [
    0.5548431476259295,
    -1.1368737814928283,
    -0.06083148709631278,
    -2.1423268098925212,
    -0.7733576324549563,
    -3.156563982369317,
    -1.5125717112951906,
    0.3561276209021467,
    2.3897328164807465,
    -0.38734414218933955,
    0.1680696270776814,
    -0.16024029700265702,
    1.0765944633082691,
    1.5283294947874388,
    -0.36110127314195123,
    0.24928464778068288
  ],
  "params_lin": [
    3.5879232767391045,
    0.07296695424639864,
    0.8692976646499752,
    0.0072056504445266525,
    0.16851647558048383,
    0.0006973262558278608,
    0.030720500623031805,
    2.270531967813461,
    245.31992118101726,
    0.4098791791697565,
    1.4725485658395387,
    0.6914482837514666,
    11.928736993664144,
    33.75433021923804,
    0.4354103285001172,
    1.7753527115014631
  ]
}