{
  "loss": 0.08619497599183579,
  "mse_hist_eh": 0.08564236933402558,
  "hunting_gap": 0.23498264523343076,
  "penalty": 0.0,
  "speed_tier": 0,
  "stepsPerYear": 30,
  "atol": 0.001,
  "rtol": 0.001,
  "params_log": [
    0.42720768748438953,
    -1.1132401400107155,
    0.08092420453627652,
    -2.0211024170844825,
    -0.7895524803815598,
    -3.15968331695642,
    -1.5153057080611614,
    0.28437681526404446,
    2.5222701254267577,
    -0.6630467598443555,
    0.26980722685050595,
    -0.13897975373345478,
    1.2127503610070747,
    1.479397531307179,
    -0.38451713150240996,
    0.08791233731560383
  ],
  "params_lin": [
    2.674284994421266,
    0.07704773213633621,
    1.2048256492170168,
    0.009525714982633606,
    0.16234821561612278,
    0.0006923356308802325,
    0.030527714534185086,
    1.9247610220048177,
    332.86652749962775,
    0.2172467259935268,
    1.8612607832053647,
    0.7261398083774113,
    16.32113514838686,
    30.15765240863061,
    0.4125559628070837,
    1.2243690344634544
  ]
}