{
  "loss": 0.17691655621950572,
  "mse_hist_eh": 0.17763405276790875,
  "hunting_gap": 0.6016514301886225,
  "penalty": 0.0,
  "speed_tier": 0,
  "stepsPerYear": 30,
  "atol": 0.001,
  "rtol": 0.001,
  "params_log": [
    0.06997476395318783,
    -0.78669202290925,
    -0.06037545455486493,
    -2.7330720848429073,
    -0.9369471263241396,
    -3.0595015364846216,
    -2.720531479670592,
    -0.0900857494986097,
    2.472460441595101,
    0.5095019008358248,
    1.3792528293518453,
    1.5307905696650437,
    -0.6331201787230613,
    -0.07125024879464067
  ],
  "params_lin": [
    1.1748292858053324,
    0.1634210426715284,
    0.8702109533240096,
    0.0018489617000992044,
    0.11562530029608707,
    0.0008719638163725281,
    0.0019031302849007237,
    0.8126700422653619,
    296.79763882919923,
    0.3333333333333333,
    3.2322273502949135,
    1.0,
    23.947094573705986,
    33.94615341818206,
    0.23274471133385966,
    0.8486913019388063
  ],
  "fixed_a3": 0.3333333333333333,
  "fixed_b4": 1.0
}